image_id,category,concept_key,name_en,current_filename,recommended_filename,semantic_category,semantic_subcategory,semantic_concept,semantic_variant,rename_action
IMG_ABSTRACT_ANGRY,symbol_abstract,abstract_angry,Angry,img__abstract_angry__v1.webp,symbol_emotion_angry_storm_001.webp,symbol,emotion,angry,storm,rename
IMG_ABSTRACT_HAPPY,symbol_abstract,abstract_happy,Happy,img__abstract_happy__v1.webp,symbol_emotion_happy_sun_001.webp,symbol,emotion,happy,sun,rename
IMG_ABSTRACT_LOVE,symbol_abstract,abstract_love,Love,img__abstract_love__v1.webp,symbol_emotion_love_heart_001.webp,symbol,emotion,love,heart,rename
IMG_ABSTRACT_THANK_YOU,symbol_abstract,abstract_thank_you,Thank You,img__abstract_thank_you__v1.webp,symbol_emotion_thank_you_open_hand_001.webp,symbol,emotion,thank_you,open_hand,rename
IMG_ACTION_BE_ABLE_TO,action_scene,action_be_able_to,Be Able To,img__action_be_able_to__v1.webp,action_general_be_able_to_side_001.webp,action,general,be_able_to,side,rename
IMG_ACTION_MAKE_A_PHONE_CALL,action_scene,action_make_a_phone_call,Make A Phone Call,img__action_make_a_phone_call__v1.webp,action_communication_make_a_phone_call_side_001.webp,action,communication,make_a_phone_call,side,rename
IMG_ACTION_TO_ARRIVE,action_scene,action_to_arrive,To Arrive,img__action_to_arrive__v1.webp,action_motion_arrive_side_001.webp,action,motion,arrive,side,rename
IMG_ACTION_TO_ASK,action_scene,action_to_ask,To Ask,img__action_to_ask__v1.webp,action_communication_ask_side_001.webp,action,communication,ask,side,rename
IMG_ACTION_TO_BE,action_scene,action_to_be,To Be,img__action_to_be__v1.webp,action_general_be_side_001.webp,action,general,be,side,rename
IMG_ACTION_TO_BE_CALLED,action_scene,action_to_be_called,To Be Called,img__action_to_be_called__v1.webp,action_general_be_called_side_001.webp,action,general,be_called,side,rename
IMG_ACTION_TO_BE_ILL,action_scene,action_to_be_ill,To Be Ill,img__action_to_be_ill__v1.webp,action_general_be_ill_side_001.webp,action,general,be_ill,side,rename
IMG_ACTION_TO_BUY,action_scene,action_to_buy,To Buy,img__action_to_buy__v1.webp,action_daily_buy_side_001.webp,action,daily,buy,side,rename
IMG_ACTION_TO_CALL,action_scene,action_to_call,To Call,img__action_to_call__v1.webp,action_communication_call_side_001.webp,action,communication,call,side,rename
IMG_ACTION_TO_CLOSE,action_scene,action_to_close,To Close,img__action_to_close__v1.webp,action_general_close_side_001.webp,action,general,close,side,rename
IMG_ACTION_TO_COME,action_scene,action_to_come,To Come,img__action_to_come__v1.webp,action_motion_come_side_001.webp,action,motion,come,side,rename
IMG_ACTION_TO_COMPARE,action_scene,action_to_compare,To Compare,img__action_to_compare__v1.webp,action_general_compare_side_001.webp,action,general,compare,side,rename
IMG_ACTION_TO_DO,action_scene,action_to_do,To Do,img__action_to_do__v1.webp,action_general_do_side_001.webp,action,general,do,side,rename
IMG_ACTION_TO_DRINK,action_scene,action_to_drink,To Drink,img__action_to_drink__v1.webp,action_daily_drink_side_001.webp,action,daily,drink,side,rename
IMG_ACTION_TO_DRIVE,action_scene,action_to_drive,To Drive,img__action_to_drive__v1.webp,action_general_drive_side_001.webp,action,general,drive,side,rename
IMG_ACTION_TO_DRIVE_A_CAR,action_scene,action_to_drive_a_car,To Drive A Car,img__action_to_drive_a_car__v1.webp,action_general_drive_a_car_side_001.webp,action,general,drive_a_car,side,rename
IMG_ACTION_TO_EAT,action_scene,action_to_eat,To Eat,img__action_to_eat__v1.webp,action_daily_eat_side_001.webp,action,daily,eat,side,rename
IMG_ACTION_TO_ENTER,action_scene,action_to_enter,To Enter,img__action_to_enter__v1.webp,action_general_enter_side_001.webp,action,general,enter,side,rename
IMG_ACTION_TO_FEEL,action_scene,action_to_feel,To Feel,img__action_to_feel__v1.webp,action_general_feel_side_001.webp,action,general,feel,side,rename
IMG_ACTION_TO_FIND,action_scene,action_to_find,To Find,img__action_to_find__v1.webp,action_general_find_side_001.webp,action,general,find,side,rename
IMG_ACTION_TO_FLY,action_scene,action_to_fly,To Fly,img__action_to_fly__v1.webp,action_general_fly_side_001.webp,action,general,fly,side,rename
IMG_ACTION_TO_FOLLOW,action_scene,action_to_follow,To Follow,img__action_to_follow__v1.webp,action_general_follow_side_001.webp,action,general,follow,side,rename
IMG_ACTION_TO_FORGET,action_scene,action_to_forget,To Forget,img__action_to_forget__v1.webp,action_general_forget_side_001.webp,action,general,forget,side,rename
IMG_ACTION_TO_GIVE,action_scene,action_to_give,To Give,img__action_to_give__v1.webp,action_general_give_side_001.webp,action,general,give,side,rename
IMG_ACTION_TO_GIVE_AS_A_GIFT,action_scene,action_to_give_as_a_gift,To Give As A Gift,img__action_to_give_as_a_gift__v1.webp,action_general_give_as_a_gift_side_001.webp,action,general,give_as_a_gift,side,rename
IMG_ACTION_TO_GO,action_scene,action_to_go,To Go,img__action_to_go__v1.webp,action_motion_go_side_001.webp,action,motion,go,side,rename
IMG_ACTION_TO_GO_BACK,action_scene,action_to_go_back,To Go Back,img__action_to_go_back__v1.webp,action_motion_go_back_side_001.webp,action,motion,go_back,side,rename
IMG_ACTION_TO_GO_IN,action_scene,action_to_go_in,To Go In,img__action_to_go_in__v1.webp,action_motion_go_in_side_001.webp,action,motion,go_in,side,rename
IMG_ACTION_TO_GO_OUT,action_scene,action_to_go_out,To Go Out,img__action_to_go_out__v1.webp,action_motion_go_out_side_001.webp,action,motion,go_out,side,rename
IMG_ACTION_TO_HAVE,action_scene,action_to_have,To Have,img__action_to_have__v1.webp,action_general_have_side_001.webp,action,general,have,side,rename
IMG_ACTION_TO_HEAR,action_scene,action_to_hear,To Hear,img__action_to_hear__v1.webp,action_communication_hear_side_001.webp,action,communication,hear,side,rename
IMG_ACTION_TO_HELP,action_scene,action_to_help,To Help,img__action_to_help__v1.webp,action_general_help_side_001.webp,action,general,help,side,rename
IMG_ACTION_TO_HIT_OR_STRIKE,action_scene,action_to_hit_or_strike,To Hit Or Strike,img__action_to_hit_or_strike__v1.webp,action_general_hit_or_strike_side_001.webp,action,general,hit_or_strike,side,rename
IMG_ACTION_TO_HOLD,action_scene,action_to_hold,To Hold,img__action_to_hold__v1.webp,action_general_hold_side_001.webp,action,general,hold,side,rename
IMG_ACTION_TO_JOKE,action_scene,action_to_joke,To Joke,img__action_to_joke__v1.webp,action_general_joke_side_001.webp,action,general,joke,side,rename
IMG_ACTION_TO_KNOW,action_scene,action_to_know,To Know,img__action_to_know__v1.webp,action_general_know_side_001.webp,action,general,know,side,rename
IMG_ACTION_TO_LAUGH,action_scene,action_to_laugh,To Laugh,img__action_to_laugh__v1.webp,action_general_laugh_side_001.webp,action,general,laugh,side,rename
IMG_ACTION_TO_LEARN,action_scene,action_to_learn,To Learn,img__action_to_learn__v1.webp,action_daily_learn_side_001.webp,action,daily,learn,side,rename
IMG_ACTION_TO_LIKE,action_scene,action_to_like,To Like,img__action_to_like__v1.webp,action_general_like_side_001.webp,action,general,like,side,rename
IMG_ACTION_TO_LISTEN,action_scene,action_to_listen,To Listen,img__action_to_listen__v1.webp,action_communication_listen_side_001.webp,action,communication,listen,side,rename
IMG_ACTION_TO_LIVE,action_scene,action_to_live,To Live,img__action_to_live__v1.webp,action_general_live_side_001.webp,action,general,live,side,rename
IMG_ACTION_TO_LOOK,action_scene,action_to_look,To Look,img__action_to_look__v1.webp,action_general_look_side_001.webp,action,general,look,side,rename
IMG_ACTION_TO_LOOK_FOR,action_scene,action_to_look_for,To Look For,img__action_to_look_for__v1.webp,action_general_look_for_side_001.webp,action,general,look_for,side,rename
IMG_ACTION_TO_MAKE,action_scene,action_to_make,To Make,img__action_to_make__v1.webp,action_general_make_side_001.webp,action,general,make,side,rename
IMG_ACTION_TO_MOVE,action_scene,action_to_move,To Move,img__action_to_move__v1.webp,action_motion_move_side_001.webp,action,motion,move,side,rename
IMG_ACTION_TO_OBTAIN,action_scene,action_to_obtain,To Obtain,img__action_to_obtain__v1.webp,action_general_obtain_side_001.webp,action,general,obtain,side,rename
IMG_ACTION_TO_OPEN,action_scene,action_to_open,To Open,img__action_to_open__v1.webp,action_general_open_side_001.webp,action,general,open,side,rename
IMG_ACTION_TO_PASS,action_scene,action_to_pass,To Pass,img__action_to_pass__v1.webp,action_general_pass_side_001.webp,action,general,pass,side,rename
IMG_ACTION_TO_PLACE,action_scene,action_to_place,To Place,img__action_to_place__v1.webp,action_general_place_side_001.webp,action,general,place,side,rename
IMG_ACTION_TO_PLAY,action_scene,action_to_play,To Play,img__action_to_play__v1.webp,action_daily_play_side_001.webp,action,daily,play,side,rename
IMG_ACTION_TO_PUT_DOWN,action_scene,action_to_put_down,To Put Down,img__action_to_put_down__v1.webp,action_general_put_down_side_001.webp,action,general,put_down,side,rename
IMG_ACTION_TO_RAIN,action_scene,action_to_rain,To Rain,img__action_to_rain__v1.webp,action_general_rain_side_001.webp,action,general,rain,side,rename
IMG_ACTION_TO_READ,action_scene,action_to_read,To Read,img__action_to_read__v1.webp,action_communication_read_side_001.webp,action,communication,read,side,rename
IMG_ACTION_TO_RECOGNIZE,action_scene,action_to_recognize,To Recognize,img__action_to_recognize__v1.webp,action_general_recognize_side_001.webp,action,general,recognize,side,rename
IMG_ACTION_TO_REMEMBER,action_scene,action_to_remember,To Remember,img__action_to_remember__v1.webp,action_general_remember_side_001.webp,action,general,remember,side,rename
IMG_ACTION_TO_RETURN,action_scene,action_to_return,To Return,img__action_to_return__v1.webp,action_motion_return_side_001.webp,action,motion,return,side,rename
IMG_ACTION_TO_RISE,action_scene,action_to_rise,To Rise,img__action_to_rise__v1.webp,action_motion_rise_side_001.webp,action,motion,rise,side,rename
IMG_ACTION_TO_RISE_UP,action_scene,action_to_rise_up,To Rise Up,img__action_to_rise_up__v1.webp,action_motion_rise_up_side_001.webp,action,motion,rise_up,side,rename
IMG_ACTION_TO_RUN,action_scene,action_to_run,To Run,img__action_to_run__v1.webp,action_motion_run_side_001.webp,action,motion,run,side,rename
IMG_ACTION_TO_SEE,action_scene,action_to_see,To See,img__action_to_see__v1.webp,action_general_see_side_001.webp,action,general,see,side,rename
IMG_ACTION_TO_SING,action_scene,action_to_sing,To Sing,img__action_to_sing__v1.webp,action_communication_sing_side_001.webp,action,communication,sing,side,rename
IMG_ACTION_TO_SIT,action_scene,action_to_sit,To Sit,img__action_to_sit__v1.webp,action_motion_sit_side_001.webp,action,motion,sit,side,rename
IMG_ACTION_TO_SLEEP,action_scene,action_to_sleep,To Sleep,img__action_to_sleep__v1.webp,action_daily_sleep_side_001.webp,action,daily,sleep,side,rename
IMG_ACTION_TO_SPEAK,action_scene,action_to_speak,To Speak,img__action_to_speak__v1.webp,action_communication_speak_side_001.webp,action,communication,speak,side,rename
IMG_ACTION_TO_SPEND,action_scene,action_to_spend,To Spend,img__action_to_spend__v1.webp,action_general_spend_side_001.webp,action,general,spend,side,rename
IMG_ACTION_TO_STAND,action_scene,action_to_stand,To Stand,img__action_to_stand__v1.webp,action_motion_stand_side_001.webp,action,motion,stand,side,rename
IMG_ACTION_TO_STAY,action_scene,action_to_stay,To Stay,img__action_to_stay__v1.webp,action_general_stay_side_001.webp,action,general,stay,side,rename
IMG_ACTION_TO_STUDY_OR_LEARN,action_scene,action_to_study_or_learn,To Study Or Learn,img__action_to_study_or_learn__v1.webp,action_daily_study_or_learn_side_001.webp,action,daily,study_or_learn,side,rename
IMG_ACTION_TO_TAKE,action_scene,action_to_take,To Take,img__action_to_take__v1.webp,action_general_take_side_001.webp,action,general,take,side,rename
IMG_ACTION_TO_TAKE_A_VEHICLE,action_scene,action_to_take_a_vehicle,To Take (A Vehicle),img__action_to_take_a_vehicle__v1.webp,action_general_take_a_vehicle_side_001.webp,action,general,take_a_vehicle,side,rename
IMG_ACTION_TO_TALK,action_scene,action_to_talk,To Talk,img__action_to_talk__v1.webp,action_communication_talk_side_001.webp,action,communication,talk,side,rename
IMG_ACTION_TO_TEACH,action_scene,action_to_teach,To Teach,img__action_to_teach__v1.webp,action_general_teach_side_001.webp,action,general,teach,side,rename
IMG_ACTION_TO_TELL,action_scene,action_to_tell,To Tell,img__action_to_tell__v1.webp,action_communication_tell_side_001.webp,action,communication,tell,side,rename
IMG_ACTION_TO_THINK,action_scene,action_to_think,To Think,img__action_to_think__v1.webp,action_general_think_side_001.webp,action,general,think,side,rename
IMG_ACTION_TO_TRY_OR_TEST,action_scene,action_to_try_or_test,To Try Or Test,img__action_to_try_or_test__v1.webp,action_general_try_or_test_side_001.webp,action,general,try_or_test,side,rename
IMG_ACTION_TO_TURN_OFF,action_scene,action_to_turn_off,To Turn Off,img__action_to_turn_off__v1.webp,action_general_turn_off_side_001.webp,action,general,turn_off,side,rename
IMG_ACTION_TO_UNDERSTAND,action_scene,action_to_understand,To Understand,img__action_to_understand__v1.webp,action_general_understand_side_001.webp,action,general,understand,side,rename
IMG_ACTION_TO_USE,action_scene,action_to_use,To Use,img__action_to_use__v1.webp,action_general_use_side_001.webp,action,general,use,side,rename
IMG_ACTION_TO_WAIT,action_scene,action_to_wait,To Wait,img__action_to_wait__v1.webp,action_general_wait_side_001.webp,action,general,wait,side,rename
IMG_ACTION_TO_WALK,action_scene,action_to_walk,To Walk,img__action_to_walk__v1.webp,action_motion_walk_side_001.webp,action,motion,walk,side,rename
IMG_ACTION_TO_WALK_OR_MOVE,action_scene,action_to_walk_or_move,To Walk Or Move,img__action_to_walk_or_move__v1.webp,action_motion_walk_or_move_side_001.webp,action,motion,walk_or_move,side,rename
IMG_ACTION_TO_WANT,action_scene,action_to_want,To Want,img__action_to_want__v1.webp,action_general_want_side_001.webp,action,general,want,side,rename
IMG_ACTION_TO_WASH,action_scene,action_to_wash,To Wash,img__action_to_wash__v1.webp,action_daily_wash_side_001.webp,action,daily,wash,side,rename
IMG_ACTION_TO_WATCH,action_scene,action_to_watch,To Watch,img__action_to_watch__v1.webp,action_general_watch_side_001.webp,action,general,watch,side,rename
IMG_ACTION_TO_WEAR,action_scene,action_to_wear,To Wear,img__action_to_wear__v1.webp,action_daily_wear_side_001.webp,action,daily,wear,side,rename
IMG_ACTION_TO_WRAP_OR_CONTAIN,action_scene,action_to_wrap_or_contain,To Wrap Or Contain,img__action_to_wrap_or_contain__v1.webp,action_general_wrap_or_contain_side_001.webp,action,general,wrap_or_contain,side,rename
IMG_ACTION_TO_WRITE,action_scene,action_to_write,To Write,img__action_to_write__v1.webp,action_communication_write_side_001.webp,action,communication,write,side,rename
IMG_CULTURE_YUAN,cultural_specific,culture_yuan,Yuan,img__culture_yuan__v1.webp,cultural_chinese_yuan_authentic_001.webp,cultural,chinese,yuan,authentic,rename
IMG_GRAMMAR_A_GENERAL_MEASURE_WORD,icon_grammar,grammar_a_general_measure_word,A General Measure Word,img__grammar_a_general_measure_word__v1.webp,icon_grammar_a_general_measure_word_icon_001.webp,icon,grammar,a_general_measure_word,icon,rename
IMG_GRAMMAR_A_PARTICLE_INDICATING_SUGGESTION_OR_REQUEST,icon_grammar,grammar_a_particle_indicating_suggestion_or_request,A Particle Indicating Suggestion Or Request,img__grammar_a_particle_indicating_suggestion_or_request__v1.webp,icon_grammar_a_particle_indicating_suggestion_or_request_icon_001.webp,icon,grammar,a_particle_indicating_suggestion_or_request,icon,rename
IMG_GRAMMAR_ALL,icon_grammar,grammar_all,All,img__grammar_all__v1.webp,icon_grammar_all_icon_001.webp,icon,grammar,all,icon,rename
IMG_GRAMMAR_BOTH,icon_grammar,grammar_both,Both,img__grammar_both__v1.webp,icon_grammar_both_icon_001.webp,icon,grammar,both,icon,rename
IMG_GRAMMAR_HOW_MANY,icon_grammar,grammar_how_many,How Many,img__grammar_how_many__v1.webp,icon_grammar_how_many_icon_001.webp,icon,grammar,how_many,icon,rename
IMG_GRAMMAR_HOW_MUCH,icon_grammar,grammar_how_much,How Much,img__grammar_how_much__v1.webp,icon_grammar_how_much_icon_001.webp,icon,grammar,how_much,icon,rename
IMG_GRAMMAR_MEASURE_WORD,icon_grammar,grammar_measure_word,Measure Word,img__grammar_measure_word__v1.webp,icon_grammar_measure_word_icon_001.webp,icon,grammar,measure_word,icon,rename
IMG_GRAMMAR_MEASURE_WORD_FOR_BOOKS,icon_grammar,grammar_measure_word_for_books,Measure Word For Books,img__grammar_measure_word_for_books__v1.webp,icon_grammar_measure_word_for_books_icon_001.webp,icon,grammar,measure_word_for_books,icon,rename
IMG_GRAMMAR_NO,icon_grammar,grammar_no,No,img__grammar_no__v1.webp,icon_grammar_no_icon_001.webp,icon,grammar,no,icon,rename
IMG_GRAMMAR_NOT,icon_grammar,grammar_not,Not,img__grammar_not__v1.webp,icon_grammar_not_icon_001.webp,icon,grammar,not,icon,rename
IMG_GRAMMAR_PLURAL_MARKER_FOR_PRONOUNS,icon_grammar,grammar_plural_marker_for_pronouns,Plural Marker For Pronouns,img__grammar_plural_marker_for_pronouns__v1.webp,icon_grammar_plural_marker_for_pronouns_icon_001.webp,icon,grammar,plural_marker_for_pronouns,icon,rename
IMG_GRAMMAR_POSSESSIVE_PARTICLE,icon_grammar,grammar_possessive_particle,Possessive Particle,img__grammar_possessive_particle__v1.webp,icon_grammar_possessive_particle_icon_001.webp,icon,grammar,possessive_particle,icon,rename
IMG_GRAMMAR_QUESTION_PARTICLE,icon_grammar,grammar_question_particle,Question Particle,img__grammar_question_particle__v1.webp,icon_grammar_question_particle_icon_001.webp,icon,grammar,question_particle,icon,rename
IMG_GRAMMAR_STRUCTURAL_PARTICLE_BEFORE_ADVERBIAL,icon_grammar,grammar_structural_particle_before_adverbial,Structural Particle (Before Adverbial),img__grammar_structural_particle_before_adverbial__v1.webp,icon_grammar_structural_particle_before_adverbial_icon_001.webp,icon,grammar,structural_particle_before_adverbial,icon,rename
IMG_GRAMMAR_THAT,icon_grammar,grammar_that,That,img__grammar_that__v1.webp,icon_grammar_that_icon_001.webp,icon,grammar,that,icon,rename
IMG_GRAMMAR_THESE,icon_grammar,grammar_these,These,img__grammar_these__v1.webp,icon_grammar_these_icon_001.webp,icon,grammar,these,icon,rename
IMG_GRAMMAR_THIS,icon_grammar,grammar_this,This,img__grammar_this__v1.webp,icon_grammar_this_icon_001.webp,icon,grammar,this,icon,rename
IMG_GRAMMAR_THOSE,icon_grammar,grammar_those,Those,img__grammar_those__v1.webp,icon_grammar_those_icon_001.webp,icon,grammar,those,icon,rename
IMG_LOCATION_ABROAD,location,location_abroad,Abroad,img__location_abroad__v1.webp,location_outdoor_abroad_scene_001.webp,location,outdoor,abroad,scene,rename
IMG_LOCATION_AFTER_SCHOOL,location,location_after_school,After School,img__location_after_school__v1.webp,location_building_after_school_scene_001.webp,location,building,after_school,scene,rename
IMG_LOCATION_AIRPORT,location,location_airport,Airport,img__location_airport__v1.webp,location_outdoor_airport_scene_001.webp,location,outdoor,airport,scene,rename
IMG_LOCATION_AT_HOME,location,location_at_home,At Home,img__location_at_home__v1.webp,location_building_at_home_scene_001.webp,location,building,at_home,scene,rename
IMG_LOCATION_BEIJING,location,location_beijing,Beijing,img__location_beijing__v1.webp,location_building_beijing_scene_001.webp,location,building,beijing,scene,rename
IMG_LOCATION_BOOKSTORE,location,location_bookstore,Bookstore,img__location_bookstore__v1.webp,location_indoor_bookstore_scene_001.webp,location,indoor,bookstore,scene,rename
IMG_LOCATION_COUNTRY,location,location_country,Country,img__location_country__v1.webp,location_outdoor_country_scene_001.webp,location,outdoor,country,scene,rename
IMG_LOCATION_ELECTRICITY,location,location_electricity,Electricity,img__location_electricity__v1.webp,location_building_electricity_scene_001.webp,location,building,electricity,scene,rename
IMG_LOCATION_ELEMENTARY_SCHOOL_STUDENT,location,location_elementary_school_student,Elementary School Student,img__location_elementary_school_student__v1.webp,location_building_elementary_school_student_scene_001.webp,location,building,elementary_school_student,scene,rename
IMG_LOCATION_FOREIGN_COUNTRY,location,location_foreign_country,Foreign Country,img__location_foreign_country__v1.webp,location_building_foreign_country_scene_001.webp,location,building,foreign_country,scene,rename
IMG_LOCATION_GO_HOME,location,location_go_home,Go Home,img__location_go_home__v1.webp,location_building_go_home_scene_001.webp,location,building,go_home,scene,rename
IMG_LOCATION_GOING_TO_SCHOOL,location,location_going_to_school,Going To School,img__location_going_to_school__v1.webp,location_building_going_to_school_scene_001.webp,location,building,going_to_school,scene,rename
IMG_LOCATION_HOME,location,location_home,Home,img__location_home__v1.webp,location_indoor_home_scene_001.webp,location,indoor,home,scene,rename
IMG_LOCATION_HOSPITAL,location,location_hospital,Hospital,img__location_hospital__v1.webp,location_indoor_hospital_scene_001.webp,location,indoor,hospital,scene,rename
IMG_LOCATION_HOUSE,location,location_house,House,img__location_house__v1.webp,location_indoor_house_scene_001.webp,location,indoor,house,scene,rename
IMG_LOCATION_MIDDLE_SCHOOL,location,location_middle_school,Middle School,img__location_middle_school__v1.webp,location_building_middle_school_scene_001.webp,location,building,middle_school,scene,rename
IMG_LOCATION_MIDDLE_SCHOOL_STUDENT,location,location_middle_school_student,Middle School Student,img__location_middle_school_student__v1.webp,location_building_middle_school_student_scene_001.webp,location,building,middle_school_student,scene,rename
IMG_LOCATION_ON_THE_ROAD,location,location_on_the_road,On The Road,img__location_on_the_road__v1.webp,location_building_on_the_road_scene_001.webp,location,building,on_the_road,scene,rename
IMG_LOCATION_PRIMARY_SCHOOL,location,location_primary_school,Primary School,img__location_primary_school__v1.webp,location_building_primary_school_scene_001.webp,location,building,primary_school,scene,rename
IMG_LOCATION_RESTAURANT,location,location_restaurant,Restaurant,img__location_restaurant__v1.webp,location_indoor_restaurant_scene_001.webp,location,indoor,restaurant,scene,rename
IMG_LOCATION_RESTROOM,location,location_restroom,Restroom,img__location_restroom__v1.webp,location_building_restroom_scene_001.webp,location,building,restroom,scene,rename
IMG_LOCATION_ROAD,location,location_road,Road,img__location_road__v1.webp,location_outdoor_road_scene_001.webp,location,outdoor,road,scene,rename
IMG_LOCATION_ROOM,location,location_room,Room,img__location_room__v1.webp,location_indoor_room_scene_001.webp,location,indoor,room,scene,rename
IMG_LOCATION_SCHOOL,location,location_school,School,img__location_school__v1.webp,location_indoor_school_scene_001.webp,location,indoor,school,scene,rename
IMG_LOCATION_SCHOOL_BAG,location,location_school_bag,School Bag,img__location_school_bag__v1.webp,location_building_school_bag_scene_001.webp,location,building,school_bag,scene,rename
IMG_LOCATION_SHOP,location,location_shop,Shop,img__location_shop__v1.webp,location_indoor_shop_scene_001.webp,location,indoor,shop,scene,rename
IMG_LOCATION_SHOPPING_MALL,location,location_shopping_mall,Shopping Mall,img__location_shopping_mall__v1.webp,location_building_shopping_mall_scene_001.webp,location,building,shopping_mall,scene,rename
IMG_LOCATION_STATION,location,location_station,Station,img__location_station__v1.webp,location_outdoor_station_scene_001.webp,location,outdoor,station,scene,rename
IMG_LOCATION_STORE,location,location_store,Store,img__location_store__v1.webp,location_indoor_store_scene_001.webp,location,indoor,store,scene,rename
IMG_LOCATION_STREET,location,location_street,Street,img__location_street__v1.webp,location_outdoor_street_scene_001.webp,location,outdoor,street,scene,rename
IMG_LOCATION_TRAIN_STATION,location,location_train_station,Train Station,img__location_train_station__v1.webp,location_outdoor_train_station_scene_001.webp,location,outdoor,train_station,scene,rename
IMG_NUMBER_EIGHT,count_visual,number_eight,Eight,img__number_eight__v1.webp,count_number_eight_dots_grid_2x4_001.webp,count,number,eight,dots_grid_2x4,rename
IMG_NUMBER_FIVE,count_visual,number_five,Five,img__number_five__v1.webp,count_number_five_dots_arc_001.webp,count,number,five,dots_arc,rename
IMG_NUMBER_FOUR,count_visual,number_four,Four,img__number_four__v1.webp,count_number_four_dots_grid_2x2_001.webp,count,number,four,dots_grid_2x2,rename
IMG_NUMBER_HALF,count_visual,number_half,Half,img__number_half__v1.webp,count_number_half_split_circle_001.webp,count,number,half,split_circle,rename
IMG_NUMBER_HUNDRED,count_visual,number_hundred,Hundred,img__number_hundred__v1.webp,count_number_hundred_dense_dot_grid_001.webp,count,number,hundred,dense_dot_grid,rename
IMG_NUMBER_NINE,count_visual,number_nine,Nine,img__number_nine__v1.webp,count_number_nine_dots_grid_3x3_001.webp,count,number,nine,dots_grid_3x3,rename
IMG_NUMBER_ONE,count_visual,number_one,One,img__number_one__v1.webp,count_number_one_single_dot_001.webp,count,number,one,single_dot,rename
IMG_NUMBER_SEVEN,count_visual,number_seven,Seven,img__number_seven__v1.webp,count_number_seven_dots_cluster_001.webp,count,number,seven,dots_cluster,rename
IMG_NUMBER_SIX,count_visual,number_six,Six,img__number_six__v1.webp,count_number_six_dots_grid_2x3_001.webp,count,number,six,dots_grid_2x3,rename
IMG_NUMBER_TEN,count_visual,number_ten,Ten,img__number_ten__v1.webp,count_number_ten_dots_columns_2x5_001.webp,count,number,ten,dots_columns_2x5,rename
IMG_NUMBER_THREE,count_visual,number_three,Three,img__number_three__v1.webp,count_number_three_three_dots_row_001.webp,count,number,three,three_dots_row,rename
IMG_NUMBER_TWO,count_visual,number_two,Two,img__number_two__v1.webp,count_number_two_two_dots_001.webp,count,number,two,two_dots,rename
IMG_NUMBER_ZERO,count_visual,number_zero,Zero,img__number_zero__v1.webp,count_number_zero_empty_circle_001.webp,count,number,zero,empty_circle,rename
IMG_OBJECT_A_FEW,object_scene,object_a_few,A Few,img__object_a_few__v1.webp,object_general_a_few_centered_001.webp,object,general,a_few,centered,rename
IMG_OBJECT_A_LITTLE_BIT,object_scene,object_a_little_bit,A Little Bit,img__object_a_little_bit__v1.webp,object_general_a_little_bit_centered_001.webp,object,general,a_little_bit,centered,rename
IMG_OBJECT_A_LITTLE_WHILE,object_scene,object_a_little_while,A Little While,img__object_a_little_while__v1.webp,object_general_a_little_while_centered_001.webp,object,general,a_little_while,centered,rename
IMG_OBJECT_A_MOMENT,object_scene,object_a_moment,A Moment,img__object_a_moment__v1.webp,object_general_a_moment_centered_001.webp,object,general,a_moment,centered,rename
IMG_OBJECT_ABOVE,object_scene,object_above,Above,img__object_above__v1.webp,object_general_above_centered_001.webp,object,general,above,centered,rename
IMG_OBJECT_ACTION,object_scene,object_action,Action,img__object_action__v1.webp,object_general_action_centered_001.webp,object,general,action,centered,rename
IMG_OBJECT_ADMISSION_TICKET,object_scene,object_admission_ticket,Admission Ticket,img__object_admission_ticket__v1.webp,object_general_admission_ticket_centered_001.webp,object,general,admission_ticket,centered,rename
IMG_OBJECT_AFTERNOON,object_scene,object_afternoon,Afternoon,img__object_afternoon__v1.webp,object_time_afternoon_centered_001.webp,object,time,afternoon,centered,rename
IMG_OBJECT_AGAIN,object_scene,object_again,Again,img__object_again__v1.webp,object_general_again_centered_001.webp,object,general,again,centered,rename
IMG_OBJECT_AIRPLANE,object_scene,object_airplane,Airplane,img__object_airplane__v1.webp,object_vehicle_airplane_centered_001.webp,object,vehicle,airplane,centered,rename
IMG_OBJECT_ALSO,object_scene,object_also,Also,img__object_also__v1.webp,object_general_also_centered_001.webp,object,general,also,centered,rename
IMG_OBJECT_AND_TOGETHER_WITH,object_scene,object_and_together_with,"And, Together With",img__object_and_together_with__v1.webp,object_general_and_together_with_centered_001.webp,object,general,and_together_with,centered,rename
IMG_OBJECT_ANSWER,object_scene,object_answer,Answer,img__object_answer__v1.webp,object_general_answer_centered_001.webp,object,general,answer,centered,rename
IMG_OBJECT_AT_IN_ON,object_scene,object_at_in_on,"At, In, On",img__object_at_in_on__v1.webp,object_general_at_in_on_centered_001.webp,object,general,at_in_on,centered,rename
IMG_OBJECT_ATTEND_CLASS,object_scene,object_attend_class,Attend Class,img__object_attend_class__v1.webp,object_general_attend_class_centered_001.webp,object,general,attend_class,centered,rename
IMG_OBJECT_BACK_SIDE,object_scene,object_back_side,Back Side,img__object_back_side__v1.webp,object_general_back_side_centered_001.webp,object,general,back_side,centered,rename
IMG_OBJECT_BAD,object_scene,object_bad,Bad,img__object_bad__v1.webp,object_general_bad_centered_001.webp,object,general,bad,centered,rename
IMG_OBJECT_BALL,object_scene,object_ball,Ball,img__object_ball__v1.webp,object_general_ball_centered_001.webp,object,general,ball,centered,rename
IMG_OBJECT_BED,object_scene,object_bed,Bed,img__object_bed__v1.webp,object_general_bed_centered_001.webp,object,general,bed,centered,rename
IMG_OBJECT_BEFORE,object_scene,object_before,Before,img__object_before__v1.webp,object_general_before_centered_001.webp,object,general,before,centered,rename
IMG_OBJECT_BEHIND,object_scene,object_behind,Behind,img__object_behind__v1.webp,object_general_behind_centered_001.webp,object,general,behind,centered,rename
IMG_OBJECT_BELOW,object_scene,object_below,Below,img__object_below__v1.webp,object_general_below_centered_001.webp,object,general,below,centered,rename
IMG_OBJECT_BESIDE,object_scene,object_beside,Beside,img__object_beside__v1.webp,object_general_beside_centered_001.webp,object,general,beside,centered,rename
IMG_OBJECT_BEST,object_scene,object_best,Best,img__object_best__v1.webp,object_general_best_centered_001.webp,object,general,best,centered,rename
IMG_OBJECT_BETWEEN,object_scene,object_between,Between,img__object_between__v1.webp,object_general_between_centered_001.webp,object,general,between,centered,rename
IMG_OBJECT_BIG,object_scene,object_big,Big,img__object_big__v1.webp,object_general_big_centered_001.webp,object,general,big,centered,rename
IMG_OBJECT_BIRTHDAY,object_scene,object_birthday,Birthday,img__object_birthday__v1.webp,object_general_birthday_centered_001.webp,object,general,birthday,centered,rename
IMG_OBJECT_BODY,object_scene,object_body,Body,img__object_body__v1.webp,object_general_body_centered_001.webp,object,general,body,centered,rename
IMG_OBJECT_BOOK,object_scene,object_book,Book,img__object_book__v1.webp,object_general_book_centered_001.webp,object,general,book,centered,rename
IMG_OBJECT_BOY,object_scene,object_boy,Boy,img__object_boy__v1.webp,object_general_boy_centered_001.webp,object,general,boy,centered,rename
IMG_OBJECT_BOYFRIEND,object_scene,object_boyfriend,Boyfriend,img__object_boyfriend__v1.webp,object_general_boyfriend_centered_001.webp,object,general,boyfriend,centered,rename
IMG_OBJECT_BREAD,object_scene,object_bread,Bread,img__object_bread__v1.webp,object_food_bread_centered_001.webp,object,food,bread,centered,rename
IMG_OBJECT_BREAKFAST,object_scene,object_breakfast,Breakfast,img__object_breakfast__v1.webp,object_general_breakfast_centered_001.webp,object,general,breakfast,centered,rename
IMG_OBJECT_BROKEN,object_scene,object_broken,Broken,img__object_broken__v1.webp,object_general_broken_centered_001.webp,object,general,broken,centered,rename
IMG_OBJECT_BUILDING,object_scene,object_building,Building,img__object_building__v1.webp,object_general_building_centered_001.webp,object,general,building,centered,rename
IMG_OBJECT_BUSY,object_scene,object_busy,Busy,img__object_busy__v1.webp,object_vehicle_busy_centered_001.webp,object,vehicle,busy,centered,rename
IMG_OBJECT_CAN,object_scene,object_can,Can,img__object_can__v1.webp,object_general_can_centered_001.webp,object,general,can,centered,rename
IMG_OBJECT_CAR,object_scene,object_car,Car,img__object_car__v1.webp,object_vehicle_car_centered_001.webp,object,vehicle,car,centered,rename
IMG_OBJECT_CENT,object_scene,object_cent,Cent,img__object_cent__v1.webp,object_general_cent_centered_001.webp,object,general,cent,centered,rename
IMG_OBJECT_CHARACTER,object_scene,object_character,Character,img__object_character__v1.webp,object_general_character_centered_001.webp,object,general,character,centered,rename
IMG_OBJECT_CHILD,object_scene,object_child,Child,img__object_child__v1.webp,object_person_child_centered_001.webp,object,person,child,centered,rename
IMG_OBJECT_CHINA,object_scene,object_china,China,img__object_china__v1.webp,object_general_china_centered_001.webp,object,general,china,centered,rename
IMG_OBJECT_CHINESE_CHARACTERS,object_scene,object_chinese_characters,Chinese Characters,img__object_chinese_characters__v1.webp,object_general_chinese_characters_centered_001.webp,object,general,chinese_characters,centered,rename
IMG_OBJECT_CHINESE_LANGUAGE,object_scene,object_chinese_language,Chinese Language,img__object_chinese_language__v1.webp,object_general_chinese_language_centered_001.webp,object,general,chinese_language,centered,rename
IMG_OBJECT_CLASS,object_scene,object_class,Class,img__object_class__v1.webp,object_general_class_centered_001.webp,object,general,class,centered,rename
IMG_OBJECT_CLASS_DISMISSED,object_scene,object_class_dismissed,Class Dismissed,img__object_class_dismissed__v1.webp,object_general_class_dismissed_centered_001.webp,object,general,class_dismissed,centered,rename
IMG_OBJECT_CLASSMATE,object_scene,object_classmate,Classmate,img__object_classmate__v1.webp,object_general_classmate_centered_001.webp,object,general,classmate,centered,rename
IMG_OBJECT_CLEAN,object_scene,object_clean,Clean,img__object_clean__v1.webp,object_general_clean_centered_001.webp,object,general,clean,centered,rename
IMG_OBJECT_CLEAR,object_scene,object_clear,Clear,img__object_clear__v1.webp,object_general_clear_centered_001.webp,object,general,clear,centered,rename
IMG_OBJECT_CLOSE_IT,object_scene,object_close_it,Close It,img__object_close_it__v1.webp,object_general_close_it_centered_001.webp,object,general,close_it,centered,rename
IMG_OBJECT_CLOTHES,object_scene,object_clothes,Clothes,img__object_clothes__v1.webp,object_general_clothes_centered_001.webp,object,general,clothes,centered,rename
IMG_OBJECT_COLD,object_scene,object_cold,Cold,img__object_cold__v1.webp,object_general_cold_centered_001.webp,object,general,cold,centered,rename
IMG_OBJECT_COLLEGE_OR_ACADEMY,object_scene,object_college_or_academy,College Or Academy,img__object_college_or_academy__v1.webp,object_general_college_or_academy_centered_001.webp,object,general,college_or_academy,centered,rename
IMG_OBJECT_COME_BACK,object_scene,object_come_back,Come Back,img__object_come_back__v1.webp,object_general_come_back_centered_001.webp,object,general,come_back,centered,rename
IMG_OBJECT_COME_IN,object_scene,object_come_in,Come In,img__object_come_in__v1.webp,object_general_come_in_centered_001.webp,object,general,come_in,centered,rename
IMG_OBJECT_COME_OUT,object_scene,object_come_out,Come Out,img__object_come_out__v1.webp,object_general_come_out_centered_001.webp,object,general,come_out,centered,rename
IMG_OBJECT_COMMON,object_scene,object_common,Common,img__object_common__v1.webp,object_general_common_centered_001.webp,object,general,common,centered,rename
IMG_OBJECT_COMPLETED_ACTION_MARKER,object_scene,object_completed_action_marker,Completed Action Marker,img__object_completed_action_marker__v1.webp,object_general_completed_action_marker_centered_001.webp,object,general,completed_action_marker,centered,rename
IMG_OBJECT_COMPUTER,object_scene,object_computer,Computer,img__object_computer__v1.webp,object_electronics_computer_centered_001.webp,object,electronics,computer,centered,rename
IMG_OBJECT_COOKED_RICE,object_scene,object_cooked_rice,Cooked Rice,img__object_cooked_rice__v1.webp,object_general_cooked_rice_centered_001.webp,object,general,cooked_rice,centered,rename
IMG_OBJECT_CORRECT,object_scene,object_correct,Correct,img__object_correct__v1.webp,object_general_correct_centered_001.webp,object,general,correct,centered,rename
IMG_OBJECT_CUP,object_scene,object_cup,Cup,img__object_cup__v1.webp,object_general_cup_centered_001.webp,object,general,cup,centered,rename
IMG_OBJECT_DAD,object_scene,object_dad,Dad,img__object_dad__v1.webp,object_person_dad_centered_001.webp,object,person,dad,centered,rename
IMG_OBJECT_DATE,object_scene,object_date,Date,img__object_date__v1.webp,object_general_date_centered_001.webp,object,general,date,centered,rename
IMG_OBJECT_DAUGHTER,object_scene,object_daughter,Daughter,img__object_daughter__v1.webp,object_general_daughter_centered_001.webp,object,general,daughter,centered,rename
IMG_OBJECT_DAY_DATE,object_scene,object_day_date,Day; Date,img__object_day_date__v1.webp,object_general_day_date_centered_001.webp,object,general,day_date,centered,rename
IMG_OBJECT_DAY_OF_MONTH,object_scene,object_day_of_month,Day Of Month,img__object_day_of_month__v1.webp,object_general_day_of_month_centered_001.webp,object,general,day_of_month,centered,rename
IMG_OBJECT_DAYTIME,object_scene,object_daytime,Daytime,img__object_daytime__v1.webp,object_general_daytime_centered_001.webp,object,general,daytime,centered,rename
IMG_OBJECT_DELICIOUS,object_scene,object_delicious,Delicious,img__object_delicious__v1.webp,object_general_delicious_centered_001.webp,object,general,delicious,centered,rename
IMG_OBJECT_DESK,object_scene,object_desk,Desk,img__object_desk__v1.webp,object_general_desk_centered_001.webp,object,general,desk,centered,rename
IMG_OBJECT_DICTATION,object_scene,object_dictation,Dictation,img__object_dictation__v1.webp,object_general_dictation_centered_001.webp,object,general,dictation,centered,rename
IMG_OBJECT_DIFFERENCE,object_scene,object_difference,Difference,img__object_difference__v1.webp,object_general_difference_centered_001.webp,object,general,difference,centered,rename
IMG_OBJECT_DIFFICULT,object_scene,object_difficult,Difficult,img__object_difficult__v1.webp,object_general_difficult_centered_001.webp,object,general,difficult,centered,rename
IMG_OBJECT_DINNER,object_scene,object_dinner,Dinner,img__object_dinner__v1.webp,object_general_dinner_centered_001.webp,object,general,dinner,centered,rename
IMG_OBJECT_DISH_OR_VEGETABLE,object_scene,object_dish_or_vegetable,Dish Or Vegetable,img__object_dish_or_vegetable__v1.webp,object_general_dish_or_vegetable_centered_001.webp,object,general,dish_or_vegetable,centered,rename
IMG_OBJECT_DO_NOT,object_scene,object_do_not,Do Not,img__object_do_not__v1.webp,object_general_do_not_centered_001.webp,object,general,do_not,centered,rename
IMG_OBJECT_DOCTOR,object_scene,object_doctor,Doctor,img__object_doctor__v1.webp,object_person_doctor_centered_001.webp,object,person,doctor,centered,rename
IMG_OBJECT_DOOR,object_scene,object_door,Door,img__object_door__v1.webp,object_general_door_centered_001.webp,object,general,door,centered,rename
IMG_OBJECT_DOORWAY,object_scene,object_doorway,Doorway,img__object_doorway__v1.webp,object_general_doorway_centered_001.webp,object,general,doorway,centered,rename
IMG_OBJECT_DOWN,object_scene,object_down,Down,img__object_down__v1.webp,object_general_down_centered_001.webp,object,general,down,centered,rename
IMG_OBJECT_DOWNSTAIRS,object_scene,object_downstairs,Downstairs,img__object_downstairs__v1.webp,object_general_downstairs_centered_001.webp,object,general,downstairs,centered,rename
IMG_OBJECT_EARLY,object_scene,object_early,Early,img__object_early__v1.webp,object_general_early_centered_001.webp,object,general,early,centered,rename
IMG_OBJECT_EARNEST,object_scene,object_earnest,Earnest,img__object_earnest__v1.webp,object_general_earnest_centered_001.webp,object,general,earnest,centered,rename
IMG_OBJECT_EAST,object_scene,object_east,East,img__object_east__v1.webp,object_general_east_centered_001.webp,object,general,east,centered,rename
IMG_OBJECT_EAST_SIDE,object_scene,object_east_side,East Side,img__object_east_side__v1.webp,object_general_east_side_centered_001.webp,object,general,east_side,centered,rename
IMG_OBJECT_EGG,object_scene,object_egg,Egg,img__object_egg__v1.webp,object_food_egg_centered_001.webp,object,food,egg,centered,rename
IMG_OBJECT_ELDERLY_PERSON,object_scene,object_elderly_person,Elderly Person,img__object_elderly_person__v1.webp,object_general_elderly_person_centered_001.webp,object,general,elderly_person,centered,rename
IMG_OBJECT_EVENING,object_scene,object_evening,Evening,img__object_evening__v1.webp,object_time_evening_centered_001.webp,object,time,evening,centered,rename
IMG_OBJECT_EXAM,object_scene,object_exam,Exam,img__object_exam__v1.webp,object_general_exam_centered_001.webp,object,general,exam,centered,rename
IMG_OBJECT_EXCESSIVELY,object_scene,object_excessively,Excessively,img__object_excessively__v1.webp,object_general_excessively_centered_001.webp,object,general,excessively,centered,rename
IMG_OBJECT_EXPENSIVE,object_scene,object_expensive,Expensive,img__object_expensive__v1.webp,object_general_expensive_centered_001.webp,object,general,expensive,centered,rename
IMG_OBJECT_FAMILY,object_scene,object_family,Family,img__object_family__v1.webp,object_general_family_centered_001.webp,object,general,family,centered,rename
IMG_OBJECT_FAMILY_MEMBERS,object_scene,object_family_members,Family Members,img__object_family_members__v1.webp,object_general_family_members_centered_001.webp,object,general,family_members,centered,rename
IMG_OBJECT_FAMOUS,object_scene,object_famous,Famous,img__object_famous__v1.webp,object_general_famous_centered_001.webp,object,general,famous,centered,rename
IMG_OBJECT_FAR,object_scene,object_far,Far,img__object_far__v1.webp,object_general_far_centered_001.webp,object,general,far,centered,rename
IMG_OBJECT_FAST,object_scene,object_fast,Fast,img__object_fast__v1.webp,object_general_fast_centered_001.webp,object,general,fast,centered,rename
IMG_OBJECT_FEMALE,object_scene,object_female,Female,img__object_female__v1.webp,object_general_female_centered_001.webp,object,general,female,centered,rename
IMG_OBJECT_FEMALE_STUDENT,object_scene,object_female_student,Female Student,img__object_female_student__v1.webp,object_general_female_student_centered_001.webp,object,general,female_student,centered,rename
IMG_OBJECT_FEW_OR_LITTLE,object_scene,object_few_or_little,Few Or Little,img__object_few_or_little__v1.webp,object_general_few_or_little_centered_001.webp,object,general,few_or_little,centered,rename
IMG_OBJECT_FINALLY,object_scene,object_finally,Finally,img__object_finally__v1.webp,object_general_finally_centered_001.webp,object,general,finally,centered,rename
IMG_OBJECT_FIRST,object_scene,object_first,First,img__object_first__v1.webp,object_general_first_centered_001.webp,object,general,first,centered,rename
IMG_OBJECT_FLOOR,object_scene,object_floor,Floor,img__object_floor__v1.webp,object_general_floor_centered_001.webp,object,general,floor,centered,rename
IMG_OBJECT_FLOWER,object_scene,object_flower,Flower,img__object_flower__v1.webp,object_general_flower_centered_001.webp,object,general,flower,centered,rename
IMG_OBJECT_FOREIGN_LANGUAGE,object_scene,object_foreign_language,Foreign Language,img__object_foreign_language__v1.webp,object_general_foreign_language_centered_001.webp,object,general,foreign_language,centered,rename
IMG_OBJECT_FRIEND,object_scene,object_friend,Friend,img__object_friend__v1.webp,object_person_friend_centered_001.webp,object,person,friend,centered,rename
IMG_OBJECT_FROM,object_scene,object_from,From,img__object_from__v1.webp,object_general_from_centered_001.webp,object,general,from,centered,rename
IMG_OBJECT_FRONT,object_scene,object_front,Front,img__object_front__v1.webp,object_general_front_centered_001.webp,object,general,front,centered,rename
IMG_OBJECT_FRUIT,object_scene,object_fruit,Fruit,img__object_fruit__v1.webp,object_general_fruit_centered_001.webp,object,general,fruit,centered,rename
IMG_OBJECT_FUN,object_scene,object_fun,Fun,img__object_fun__v1.webp,object_general_fun_centered_001.webp,object,general,fun,centered,rename
IMG_OBJECT_GET_OFF_THE_VEHICLE,object_scene,object_get_off_the_vehicle,Get Off The Vehicle,img__object_get_off_the_vehicle__v1.webp,object_general_get_off_the_vehicle_centered_001.webp,object,general,get_off_the_vehicle,centered,rename
IMG_OBJECT_GET_ON_THE_BUS,object_scene,object_get_on_the_bus,Get On The Bus,img__object_get_on_the_bus__v1.webp,object_vehicle_get_on_the_bus_centered_001.webp,object,vehicle,get_on_the_bus,centered,rename
IMG_OBJECT_GET_UP_FROM_BED,object_scene,object_get_up_from_bed,Get Up From Bed,img__object_get_up_from_bed__v1.webp,object_general_get_up_from_bed_centered_001.webp,object,general,get_up_from_bed,centered,rename
IMG_OBJECT_GIRL,object_scene,object_girl,Girl,img__object_girl__v1.webp,object_general_girl_centered_001.webp,object,general,girl,centered,rename
IMG_OBJECT_GIRLFRIEND,object_scene,object_girlfriend,Girlfriend,img__object_girlfriend__v1.webp,object_general_girlfriend_centered_001.webp,object,general,girlfriend,centered,rename
IMG_OBJECT_GLAD,object_scene,object_glad,Glad,img__object_glad__v1.webp,object_general_glad_centered_001.webp,object,general,glad,centered,rename
IMG_OBJECT_GLASS,object_scene,object_glass,Glass,img__object_glass__v1.webp,object_general_glass_centered_001.webp,object,general,glass,centered,rename
IMG_OBJECT_GO_BACK,object_scene,object_go_back,Go Back,img__object_go_back__v1.webp,object_general_go_back_centered_001.webp,object,general,go_back,centered,rename
IMG_OBJECT_GO_ONLINE,object_scene,object_go_online,Go Online,img__object_go_online__v1.webp,object_general_go_online_centered_001.webp,object,general,go_online,centered,rename
IMG_OBJECT_GO_OUT,object_scene,object_go_out,Go Out,img__object_go_out__v1.webp,object_general_go_out_centered_001.webp,object,general,go_out,centered,rename
IMG_OBJECT_GOING_TO_WORK,object_scene,object_going_to_work,Going To Work,img__object_going_to_work__v1.webp,object_general_going_to_work_centered_001.webp,object,general,going_to_work,centered,rename
IMG_OBJECT_GOOD,object_scene,object_good,Good,img__object_good__v1.webp,object_general_good_centered_001.webp,object,general,good,centered,rename
IMG_OBJECT_GOOD_LOOKING,object_scene,object_good_looking,Good-Looking,img__object_good_looking__v1.webp,object_general_good_looking_centered_001.webp,object,general,good_looking,centered,rename
IMG_OBJECT_GOODBYE,object_scene,object_goodbye,Goodbye,img__object_goodbye__v1.webp,object_general_goodbye_centered_001.webp,object,general,goodbye,centered,rename
IMG_OBJECT_GRANDFATHER,object_scene,object_grandfather,Grandfather,img__object_grandfather__v1.webp,object_general_grandfather_centered_001.webp,object,general,grandfather,centered,rename
IMG_OBJECT_HAIR_OR_FUR,object_scene,object_hair_or_fur,Hair Or Fur,img__object_hair_or_fur__v1.webp,object_general_hair_or_fur_centered_001.webp,object,general,hair_or_fur,centered,rename
IMG_OBJECT_HALF_A_DAY,object_scene,object_half_a_day,Half A Day,img__object_half_a_day__v1.webp,object_general_half_a_day_centered_001.webp,object,general,half_a_day,centered,rename
IMG_OBJECT_HALF_A_YEAR,object_scene,object_half_a_year,Half A Year,img__object_half_a_year__v1.webp,object_general_half_a_year_centered_001.webp,object,general,half_a_year,centered,rename
IMG_OBJECT_HAND,object_scene,object_hand,Hand,img__object_hand__v1.webp,object_general_hand_centered_001.webp,object,general,hand,centered,rename
IMG_OBJECT_HAVING_A_MEAL,object_scene,object_having_a_meal,Having A Meal,img__object_having_a_meal__v1.webp,object_general_having_a_meal_centered_001.webp,object,general,having_a_meal,centered,rename
IMG_OBJECT_HE,object_scene,object_he,He,img__object_he__v1.webp,object_general_he_centered_001.webp,object,general,he,centered,rename
IMG_OBJECT_HEAVY,object_scene,object_heavy,Heavy,img__object_heavy__v1.webp,object_general_heavy_centered_001.webp,object,general,heavy,centered,rename
IMG_OBJECT_HER,object_scene,object_her,Her,img__object_her__v1.webp,object_general_her_centered_001.webp,object,general,her,centered,rename
IMG_OBJECT_HERE,object_scene,object_here,Here,img__object_here__v1.webp,object_general_here_centered_001.webp,object,general,here,centered,rename
IMG_OBJECT_HIM,object_scene,object_him,Him,img__object_him__v1.webp,object_general_him_centered_001.webp,object,general,him,centered,rename
IMG_OBJECT_HOBBY,object_scene,object_hobby,Hobby,img__object_hobby__v1.webp,object_general_hobby_centered_001.webp,object,general,hobby,centered,rename
IMG_OBJECT_HOLD_A_MEETING,object_scene,object_hold_a_meeting,Hold A Meeting,img__object_hold_a_meeting__v1.webp,object_general_hold_a_meeting_centered_001.webp,object,general,hold_a_meeting,centered,rename
IMG_OBJECT_HOT,object_scene,object_hot,Hot,img__object_hot__v1.webp,object_general_hot_centered_001.webp,object,general,hot,centered,rename
IMG_OBJECT_HOUR,object_scene,object_hour,Hour,img__object_hour__v1.webp,object_general_hour_centered_001.webp,object,general,hour,centered,rename
IMG_OBJECT_HOW,object_scene,object_how,How,img__object_how__v1.webp,object_general_how_centered_001.webp,object,general,how,centered,rename
IMG_OBJECT_HUNGRY,object_scene,object_hungry,Hungry,img__object_hungry__v1.webp,object_general_hungry_centered_001.webp,object,general,hungry,centered,rename
IMG_OBJECT_HUSBAND,object_scene,object_husband,Husband,img__object_husband__v1.webp,object_general_husband_centered_001.webp,object,general,husband,centered,rename
IMG_OBJECT_I,object_scene,object_i,I,img__object_i__v1.webp,object_general_i_centered_001.webp,object,general,i,centered,rename
IMG_OBJECT_I_M_SORRY,object_scene,object_i_m_sorry,I'M Sorry,img__object_i_m_sorry__v1.webp,object_general_i_m_sorry_centered_001.webp,object,general,i_m_sorry,centered,rename
IMG_OBJECT_ILLNESS,object_scene,object_illness,Illness,img__object_illness__v1.webp,object_general_illness_centered_001.webp,object,general,illness,centered,rename
IMG_OBJECT_IMMEDIATELY,object_scene,object_immediately,Immediately,img__object_immediately__v1.webp,object_general_immediately_centered_001.webp,object,general,immediately,centered,rename
IMG_OBJECT_IMPORTANT,object_scene,object_important,Important,img__object_important__v1.webp,object_general_important_centered_001.webp,object,general,important,centered,rename
IMG_OBJECT_IN,object_scene,object_in,In,img__object_in__v1.webp,object_general_in_centered_001.webp,object,general,in,centered,rename
IMG_OBJECT_IN_FRONT,object_scene,object_in_front,In Front,img__object_in_front__v1.webp,object_general_in_front_centered_001.webp,object,general,in_front,centered,rename
IMG_OBJECT_IN_THE_PROCESS_OF,object_scene,object_in_the_process_of,In The Process Of,img__object_in_the_process_of__v1.webp,object_general_in_the_process_of_centered_001.webp,object,general,in_the_process_of,centered,rename
IMG_OBJECT_INDICATES_ONGOING_ACTION,object_scene,object_indicates_ongoing_action,Indicates Ongoing Action,img__object_indicates_ongoing_action__v1.webp,object_general_indicates_ongoing_action_centered_001.webp,object,general,indicates_ongoing_action,centered,rename
IMG_OBJECT_INSIDE,object_scene,object_inside,Inside,img__object_inside__v1.webp,object_general_inside_centered_001.webp,object,general,inside,centered,rename
IMG_OBJECT_INTERSECTION,object_scene,object_intersection,Intersection,img__object_intersection__v1.webp,object_general_intersection_centered_001.webp,object,general,intersection,centered,rename
IMG_OBJECT_INTRODUCTION,object_scene,object_introduction,Introduction,img__object_introduction__v1.webp,object_general_introduction_centered_001.webp,object,general,introduction,centered,rename
IMG_OBJECT_INVITE,object_scene,object_invite,Invite,img__object_invite__v1.webp,object_general_invite_centered_001.webp,object,general,invite,centered,rename
IMG_OBJECT_IS_IT_OR_NOT,object_scene,object_is_it_or_not,Is It Or Not,img__object_is_it_or_not__v1.webp,object_general_is_it_or_not_centered_001.webp,object,general,is_it_or_not,centered,rename
IMG_OBJECT_IT_S_NOTHING,object_scene,object_it_s_nothing,It'S Nothing,img__object_it_s_nothing__v1.webp,object_general_it_s_nothing_centered_001.webp,object,general,it_s_nothing,centered,rename
IMG_OBJECT_IT_S_OKAY,object_scene,object_it_s_okay,It'S Okay,img__object_it_s_okay__v1.webp,object_general_it_s_okay_centered_001.webp,object,general,it_s_okay,centered,rename
IMG_OBJECT_JOB,object_scene,object_job,Job,img__object_job__v1.webp,object_general_job_centered_001.webp,object,general,job,centered,rename
IMG_OBJECT_JUST,object_scene,object_just,Just,img__object_just__v1.webp,object_general_just_centered_001.webp,object,general,just,centered,rename
IMG_OBJECT_KNOWLEDGE,object_scene,object_knowledge,Knowledge,img__object_knowledge__v1.webp,object_general_knowledge_centered_001.webp,object,general,knowledge,centered,rename
IMG_OBJECT_LACK,object_scene,object_lack,Lack,img__object_lack__v1.webp,object_general_lack_centered_001.webp,object,general,lack,centered,rename
IMG_OBJECT_LAST,object_scene,object_last,Last,img__object_last__v1.webp,object_general_last_centered_001.webp,object,general,last,centered,rename
IMG_OBJECT_LAST_TIME,object_scene,object_last_time,Last Time,img__object_last_time__v1.webp,object_general_last_time_centered_001.webp,object,general,last_time,centered,rename
IMG_OBJECT_LAST_YEAR,object_scene,object_last_year,Last Year,img__object_last_year__v1.webp,object_general_last_year_centered_001.webp,object,general,last_year,centered,rename
IMG_OBJECT_LEFT,object_scene,object_left,Left,img__object_left__v1.webp,object_general_left_centered_001.webp,object,general,left,centered,rename
IMG_OBJECT_LEFT_SIDE,object_scene,object_left_side,Left Side,img__object_left_side__v1.webp,object_general_left_side_centered_001.webp,object,general,left_side,centered,rename
IMG_OBJECT_LIBRARY,object_scene,object_library,Library,img__object_library__v1.webp,object_general_library_centered_001.webp,object,general,library,centered,rename
IMG_OBJECT_LITTLE,object_scene,object_little,Little,img__object_little__v1.webp,object_general_little_centered_001.webp,object,general,little,centered,rename
IMG_OBJECT_LITTLE_FRIEND,object_scene,object_little_friend,Little Friend,img__object_little_friend__v1.webp,object_general_little_friend_centered_001.webp,object,general,little_friend,centered,rename
IMG_OBJECT_LOCATION,object_scene,object_location,Location,img__object_location__v1.webp,object_general_location_centered_001.webp,object,general,location,centered,rename
IMG_OBJECT_LUNCH,object_scene,object_lunch,Lunch,img__object_lunch__v1.webp,object_general_lunch_centered_001.webp,object,general,lunch,centered,rename
IMG_OBJECT_MALE,object_scene,object_male,Male,img__object_male__v1.webp,object_general_male_centered_001.webp,object,general,male,centered,rename
IMG_OBJECT_MAN,object_scene,object_man,Man,img__object_man__v1.webp,object_general_man_centered_001.webp,object,general,man,centered,rename
IMG_OBJECT_MANY,object_scene,object_many,Many,img__object_many__v1.webp,object_general_many_centered_001.webp,object,general,many,centered,rename
IMG_OBJECT_MAP,object_scene,object_map,Map,img__object_map__v1.webp,object_general_map_centered_001.webp,object,general,map,centered,rename
IMG_OBJECT_MATTER_OR_AFFAIR,object_scene,object_matter_or_affair,Matter Or Affair,img__object_matter_or_affair__v1.webp,object_general_matter_or_affair_centered_001.webp,object,general,matter_or_affair,centered,rename
IMG_OBJECT_MAY_I_ASK,object_scene,object_may_i_ask,May I Ask,img__object_may_i_ask__v1.webp,object_general_may_i_ask_centered_001.webp,object,general,may_i_ask,centered,rename
IMG_OBJECT_ME,object_scene,object_me,Me,img__object_me__v1.webp,object_general_me_centered_001.webp,object,general,me,centered,rename
IMG_OBJECT_MEAL,object_scene,object_meal,Meal,img__object_meal__v1.webp,object_general_meal_centered_001.webp,object,general,meal,centered,rename
IMG_OBJECT_MEAT,object_scene,object_meat,Meat,img__object_meat__v1.webp,object_general_meat_centered_001.webp,object,general,meat,centered,rename
IMG_OBJECT_MEET_EACH_OTHER,object_scene,object_meet_each_other,Meet Each Other,img__object_meet_each_other__v1.webp,object_general_meet_each_other_centered_001.webp,object,general,meet_each_other,centered,rename
IMG_OBJECT_MIDDLE,object_scene,object_middle,Middle,img__object_middle__v1.webp,object_general_middle_centered_001.webp,object,general,middle,centered,rename
IMG_OBJECT_MILK,object_scene,object_milk,Milk,img__object_milk__v1.webp,object_general_milk_centered_001.webp,object,general,milk,centered,rename
IMG_OBJECT_MINUTE,object_scene,object_minute,Minute,img__object_minute__v1.webp,object_general_minute_centered_001.webp,object,general,minute,centered,rename
IMG_OBJECT_MISS,object_scene,object_miss,Miss,img__object_miss__v1.webp,object_general_miss_centered_001.webp,object,general,miss,centered,rename
IMG_OBJECT_MOBILE_PHONE,object_scene,object_mobile_phone,Mobile Phone,img__object_mobile_phone__v1.webp,object_electronics_mobile_phone_centered_001.webp,object,electronics,mobile_phone,centered,rename
IMG_OBJECT_MOMENT,object_scene,object_moment,Moment,img__object_moment__v1.webp,object_general_moment_centered_001.webp,object,general,moment,centered,rename
IMG_OBJECT_MONEY,object_scene,object_money,Money,img__object_money__v1.webp,object_general_money_centered_001.webp,object,general,money,centered,rename
IMG_OBJECT_MONTH,object_scene,object_month,Month,img__object_month__v1.webp,object_time_month_centered_001.webp,object,time,month,centered,rename
IMG_OBJECT_MOON,object_scene,object_moon,Moon,img__object_moon__v1.webp,object_general_moon_centered_001.webp,object,general,moon,centered,rename
IMG_OBJECT_MORNING,object_scene,object_morning,Morning,img__object_morning__v1.webp,object_time_morning_centered_001.webp,object,time,morning,centered,rename
IMG_OBJECT_MOST,object_scene,object_most,Most,img__object_most__v1.webp,object_general_most_centered_001.webp,object,general,most,centered,rename
IMG_OBJECT_MOTHER,object_scene,object_mother,Mother,img__object_mother__v1.webp,object_person_mother_centered_001.webp,object,person,mother,centered,rename
IMG_OBJECT_MOUNTAIN,object_scene,object_mountain,Mountain,img__object_mountain__v1.webp,object_general_mountain_centered_001.webp,object,general,mountain,centered,rename
IMG_OBJECT_MOUTH,object_scene,object_mouth,Mouth,img__object_mouth__v1.webp,object_general_mouth_centered_001.webp,object,general,mouth,centered,rename
IMG_OBJECT_MOVIE,object_scene,object_movie,Movie,img__object_movie__v1.webp,object_general_movie_centered_001.webp,object,general,movie,centered,rename
IMG_OBJECT_MOVIE_THEATER,object_scene,object_movie_theater,Movie Theater,img__object_movie_theater__v1.webp,object_general_movie_theater_centered_001.webp,object,general,movie_theater,centered,rename
IMG_OBJECT_MR,object_scene,object_mr,Mr,img__object_mr__v1.webp,object_general_mr_centered_001.webp,object,general,mr,centered,rename
IMG_OBJECT_MUCH,object_scene,object_much,Much,img__object_much__v1.webp,object_general_much_centered_001.webp,object,general,much,centered,rename
IMG_OBJECT_NAME,object_scene,object_name,Name,img__object_name__v1.webp,object_general_name_centered_001.webp,object,general,name,centered,rename
IMG_OBJECT_NATION,object_scene,object_nation,Nation,img__object_nation__v1.webp,object_general_nation_centered_001.webp,object,general,nation,centered,rename
IMG_OBJECT_NEW,object_scene,object_new,New,img__object_new__v1.webp,object_general_new_centered_001.webp,object,general,new,centered,rename
IMG_OBJECT_NEW_YEAR,object_scene,object_new_year,New Year,img__object_new_year__v1.webp,object_general_new_year_centered_001.webp,object,general,new_year,centered,rename
IMG_OBJECT_NEXT_TIME,object_scene,object_next_time,Next Time,img__object_next_time__v1.webp,object_general_next_time_centered_001.webp,object,general,next_time,centered,rename
IMG_OBJECT_NEXT_YEAR,object_scene,object_next_year,Next Year,img__object_next_year__v1.webp,object_general_next_year_centered_001.webp,object,general,next_year,centered,rename
IMG_OBJECT_NO_NEED,object_scene,object_no_need,No Need,img__object_no_need__v1.webp,object_general_no_need_centered_001.webp,object,general,no_need,centered,rename
IMG_OBJECT_NO_PROBLEM,object_scene,object_no_problem,No Problem,img__object_no_problem__v1.webp,object_general_no_problem_centered_001.webp,object,general,no_problem,centered,rename
IMG_OBJECT_NOODLES,object_scene,object_noodles,Noodles,img__object_noodles__v1.webp,object_general_noodles_centered_001.webp,object,general,noodles,centered,rename
IMG_OBJECT_NOON,object_scene,object_noon,Noon,img__object_noon__v1.webp,object_general_noon_centered_001.webp,object,general,noon,centered,rename
IMG_OBJECT_NORTH,object_scene,object_north,North,img__object_north__v1.webp,object_general_north_centered_001.webp,object,general,north,centered,rename
IMG_OBJECT_NORTH_SIDE,object_scene,object_north_side,North Side,img__object_north_side__v1.webp,object_general_north_side_centered_001.webp,object,general,north_side,centered,rename
IMG_OBJECT_NOT_BIG,object_scene,object_not_big,Not Big,img__object_not_big__v1.webp,object_general_not_big_centered_001.webp,object,general,not_big,centered,rename
IMG_OBJECT_NOT_CORRECT,object_scene,object_not_correct,Not Correct,img__object_not_correct__v1.webp,object_general_not_correct_centered_001.webp,object,general,not_correct,centered,rename
IMG_OBJECT_NOT_HAVE,object_scene,object_not_have,Not Have,img__object_not_have__v1.webp,object_general_not_have_centered_001.webp,object,general,not_have,centered,rename
IMG_OBJECT_NOTEBOOK,object_scene,object_notebook,Notebook,img__object_notebook__v1.webp,object_general_notebook_centered_001.webp,object,general,notebook,centered,rename
IMG_OBJECT_NOW,object_scene,object_now,Now,img__object_now__v1.webp,object_general_now_centered_001.webp,object,general,now,centered,rename
IMG_OBJECT_NUMBER,object_scene,object_number,Number,img__object_number__v1.webp,object_general_number_centered_001.webp,object,general,number,centered,rename
IMG_OBJECT_O_CLOCK,object_scene,object_o_clock,O'Clock,img__object_o_clock__v1.webp,object_general_o_clock_centered_001.webp,object,general,o_clock,centered,rename
IMG_OBJECT_OFF_WORK,object_scene,object_off_work,Off Work,img__object_off_work__v1.webp,object_general_off_work_centered_001.webp,object,general,off_work,centered,rename
IMG_OBJECT_OFTEN,object_scene,object_often,Often,img__object_often__v1.webp,object_general_often_centered_001.webp,object,general,often,centered,rename
IMG_OBJECT_OLD,object_scene,object_old,Old,img__object_old__v1.webp,object_general_old_centered_001.webp,object,general,old,centered,rename
IMG_OBJECT_OLDER_BROTHER,object_scene,object_older_brother,Older Brother,img__object_older_brother__v1.webp,object_general_older_brother_centered_001.webp,object,general,older_brother,centered,rename
IMG_OBJECT_OLDER_SISTER,object_scene,object_older_sister,Older Sister,img__object_older_sister__v1.webp,object_general_older_sister_centered_001.webp,object,general,older_sister,centered,rename
IMG_OBJECT_ON,object_scene,object_on,On,img__object_on__v1.webp,object_general_on_centered_001.webp,object,general,on,centered,rename
IMG_OBJECT_ON_THE_BODY,object_scene,object_on_the_body,On The Body,img__object_on_the_body__v1.webp,object_general_on_the_body_centered_001.webp,object,general,on_the_body,centered,rename
IMG_OBJECT_ON_THE_GROUND,object_scene,object_on_the_ground,On The Ground,img__object_on_the_ground__v1.webp,object_general_on_the_ground_centered_001.webp,object,general,on_the_ground,centered,rename
IMG_OBJECT_ON_THE_VEHICLE,object_scene,object_on_the_vehicle,On The Vehicle,img__object_on_the_vehicle__v1.webp,object_general_on_the_vehicle_centered_001.webp,object,general,on_the_vehicle,centered,rename
IMG_OBJECT_ONE_SIDE,object_scene,object_one_side,One Side,img__object_one_side__v1.webp,object_general_one_side_centered_001.webp,object,general,one_side,centered,rename
IMG_OBJECT_ONLINE,object_scene,object_online,Online,img__object_online__v1.webp,object_general_online_centered_001.webp,object,general,online,centered,rename
IMG_OBJECT_ONLINE_FRIEND,object_scene,object_online_friend,Online Friend,img__object_online_friend__v1.webp,object_general_online_friend_centered_001.webp,object,general,online_friend,centered,rename
IMG_OBJECT_OPEN,object_scene,object_open,Open,img__object_open__v1.webp,object_general_open_centered_001.webp,object,general,open,centered,rename
IMG_OBJECT_OR,object_scene,object_or,Or,img__object_or__v1.webp,object_general_or_centered_001.webp,object,general,or,centered,rename
IMG_OBJECT_ORDINAL_PREFIX,object_scene,object_ordinal_prefix,Ordinal Prefix,img__object_ordinal_prefix__v1.webp,object_general_ordinal_prefix_centered_001.webp,object,general,ordinal_prefix,centered,rename
IMG_OBJECT_OTHER,object_scene,object_other,Other,img__object_other__v1.webp,object_general_other_centered_001.webp,object,general,other,centered,rename
IMG_OBJECT_OTHER_PEOPLE,object_scene,object_other_people,Other People,img__object_other_people__v1.webp,object_general_other_people_centered_001.webp,object,general,other_people,centered,rename
IMG_OBJECT_OUTSIDE,object_scene,object_outside,Outside,img__object_outside__v1.webp,object_general_outside_centered_001.webp,object,general,outside,centered,rename
IMG_OBJECT_OVER_THERE,object_scene,object_over_there,Over There,img__object_over_there__v1.webp,object_general_over_there_centered_001.webp,object,general,over_there,centered,rename
IMG_OBJECT_PAGE,object_scene,object_page,Page,img__object_page__v1.webp,object_general_page_centered_001.webp,object,general,page,centered,rename
IMG_OBJECT_PATERNAL_GRANDMOTHER,object_scene,object_paternal_grandmother,Paternal Grandmother,img__object_paternal_grandmother__v1.webp,object_general_paternal_grandmother_centered_001.webp,object,general,paternal_grandmother,centered,rename
IMG_OBJECT_PATIENT,object_scene,object_patient,Patient,img__object_patient__v1.webp,object_general_patient_centered_001.webp,object,general,patient,centered,rename
IMG_OBJECT_PEOPLE,object_scene,object_people,People,img__object_people__v1.webp,object_person_people_centered_001.webp,object,person,people,centered,rename
IMG_OBJECT_PERSON,object_scene,object_person,Person,img__object_person__v1.webp,object_person_person_centered_001.webp,object,person,person,centered,rename
IMG_OBJECT_PIECE,object_scene,object_piece,Piece,img__object_piece__v1.webp,object_general_piece_centered_001.webp,object,general,piece,centered,rename
IMG_OBJECT_PLACE,object_scene,object_place,Place,img__object_place__v1.webp,object_general_place_centered_001.webp,object,general,place,centered,rename
IMG_OBJECT_PLANE_TICKET,object_scene,object_plane_ticket,Plane Ticket,img__object_plane_ticket__v1.webp,object_vehicle_plane_ticket_centered_001.webp,object,vehicle,plane_ticket,centered,rename
IMG_OBJECT_PLAYING_BALL,object_scene,object_playing_ball,Playing Ball,img__object_playing_ball__v1.webp,object_general_playing_ball_centered_001.webp,object,general,playing_ball,centered,rename
IMG_OBJECT_PLEASANT_TO_HEAR,object_scene,object_pleasant_to_hear,Pleasant To Hear,img__object_pleasant_to_hear__v1.webp,object_general_pleasant_to_hear_centered_001.webp,object,general,pleasant_to_hear,centered,rename
IMG_OBJECT_PLEASE,object_scene,object_please,Please,img__object_please__v1.webp,object_general_please_centered_001.webp,object,general,please,centered,rename
IMG_OBJECT_PLEASE_COME_IN,object_scene,object_please_come_in,Please Come In,img__object_please_come_in__v1.webp,object_general_please_come_in_centered_001.webp,object,general,please_come_in,centered,rename
IMG_OBJECT_PLEASE_SIT,object_scene,object_please_sit,Please Sit,img__object_please_sit__v1.webp,object_general_please_sit_centered_001.webp,object,general,please_sit,centered,rename
IMG_OBJECT_POSITIVE,object_scene,object_positive,Positive,img__object_positive__v1.webp,object_general_positive_centered_001.webp,object,general,positive,centered,rename
IMG_OBJECT_PREPARE,object_scene,object_prepare,Prepare,img__object_prepare__v1.webp,object_general_prepare_centered_001.webp,object,general,prepare,centered,rename
IMG_OBJECT_RAIN,object_scene,object_rain,Rain,img__object_rain__v1.webp,object_general_rain_centered_001.webp,object,general,rain,centered,rename
IMG_OBJECT_READING_BOOKS,object_scene,object_reading_books,Reading Books,img__object_reading_books__v1.webp,object_general_reading_books_centered_001.webp,object,general,reading_books,centered,rename
IMG_OBJECT_REALLY,object_scene,object_really,Really,img__object_really__v1.webp,object_general_really_centered_001.webp,object,general,really,centered,rename
IMG_OBJECT_REQUEST_FOR_LEAVE,object_scene,object_request_for_leave,Request For Leave,img__object_request_for_leave__v1.webp,object_general_request_for_leave_centered_001.webp,object,general,request_for_leave,centered,rename
IMG_OBJECT_REST,object_scene,object_rest,Rest,img__object_rest__v1.webp,object_general_rest_centered_001.webp,object,general,rest,centered,rename
IMG_OBJECT_RETURN_TO,object_scene,object_return_to,Return To,img__object_return_to__v1.webp,object_general_return_to_centered_001.webp,object,general,return_to,centered,rename
IMG_OBJECT_RIGHT,object_scene,object_right,Right,img__object_right__v1.webp,object_general_right_centered_001.webp,object,general,right,centered,rename
IMG_OBJECT_RIGHT_SIDE,object_scene,object_right_side,Right Side,img__object_right_side__v1.webp,object_general_right_side_centered_001.webp,object,general,right_side,centered,rename
IMG_OBJECT_SEE_A_DOCTOR,object_scene,object_see_a_doctor,See A Doctor,img__object_see_a_doctor__v1.webp,object_general_see_a_doctor_centered_001.webp,object,general,see_a_doctor,centered,rename
IMG_OBJECT_SERIOUS,object_scene,object_serious,Serious,img__object_serious__v1.webp,object_general_serious_centered_001.webp,object,general,serious,centered,rename
IMG_OBJECT_SHE,object_scene,object_she,She,img__object_she__v1.webp,object_general_she_centered_001.webp,object,general,she,centered,rename
IMG_OBJECT_SIMULTANEOUSLY,object_scene,object_simultaneously,Simultaneously,img__object_simultaneously__v1.webp,object_general_simultaneously_centered_001.webp,object,general,simultaneously,centered,rename
IMG_OBJECT_SINGING,object_scene,object_singing,Singing,img__object_singing__v1.webp,object_general_singing_centered_001.webp,object,general,singing,centered,rename
IMG_OBJECT_SIT_DOWN,object_scene,object_sit_down,Sit Down,img__object_sit_down__v1.webp,object_general_sit_down_centered_001.webp,object,general,sit_down,centered,rename
IMG_OBJECT_SKY,object_scene,object_sky,Sky,img__object_sky__v1.webp,object_general_sky_centered_001.webp,object,general,sky,centered,rename
IMG_OBJECT_SLOW,object_scene,object_slow,Slow,img__object_slow__v1.webp,object_general_slow_centered_001.webp,object,general,slow,centered,rename
IMG_OBJECT_SMALL,object_scene,object_small,Small,img__object_small__v1.webp,object_general_small_centered_001.webp,object,general,small,centered,rename
IMG_OBJECT_SOME,object_scene,object_some,Some,img__object_some__v1.webp,object_general_some_centered_001.webp,object,general,some,centered,rename
IMG_OBJECT_SOMETIMES,object_scene,object_sometimes,Sometimes,img__object_sometimes__v1.webp,object_general_sometimes_centered_001.webp,object,general,sometimes,centered,rename
IMG_OBJECT_SON,object_scene,object_son,Son,img__object_son__v1.webp,object_general_son_centered_001.webp,object,general,son,centered,rename
IMG_OBJECT_SONG,object_scene,object_song,Song,img__object_song__v1.webp,object_general_song_centered_001.webp,object,general,song,centered,rename
IMG_OBJECT_SOUTH,object_scene,object_south,South,img__object_south__v1.webp,object_general_south_centered_001.webp,object,general,south,centered,rename
IMG_OBJECT_SOUTH_SIDE,object_scene,object_south_side,South Side,img__object_south_side__v1.webp,object_general_south_side_centered_001.webp,object,general,south_side,centered,rename
IMG_OBJECT_SPEECH,object_scene,object_speech,Speech,img__object_speech__v1.webp,object_general_speech_centered_001.webp,object,general,speech,centered,rename
IMG_OBJECT_STEAMED_BUN,object_scene,object_steamed_bun,Steamed Bun,img__object_steamed_bun__v1.webp,object_general_steamed_bun_centered_001.webp,object,general,steamed_bun,centered,rename
IMG_OBJECT_STILL,object_scene,object_still,Still,img__object_still__v1.webp,object_general_still_centered_001.webp,object,general,still,centered,rename
IMG_OBJECT_STRAIGHT,object_scene,object_straight,Straight,img__object_straight__v1.webp,object_general_straight_centered_001.webp,object,general,straight,centered,rename
IMG_OBJECT_STUDENT,object_scene,object_student,Student,img__object_student__v1.webp,object_person_student_centered_001.webp,object,person,student,centered,rename
IMG_OBJECT_STUDY,object_scene,object_study,Study,img__object_study__v1.webp,object_general_study_centered_001.webp,object,general,study,centered,rename
IMG_OBJECT_STUFF,object_scene,object_stuff,Stuff,img__object_stuff__v1.webp,object_general_stuff_centered_001.webp,object,general,stuff,centered,rename
IMG_OBJECT_SUNDAY,object_scene,object_sunday,Sunday,img__object_sunday__v1.webp,object_general_sunday_centered_001.webp,object,general,sunday,centered,rename
IMG_OBJECT_TABLE,object_scene,object_table,Table,img__object_table__v1.webp,object_general_table_centered_001.webp,object,general,table,centered,rename
IMG_OBJECT_TAKE_A_HOLIDAY,object_scene,object_take_a_holiday,Take A Holiday,img__object_take_a_holiday__v1.webp,object_general_take_a_holiday_centered_001.webp,object,general,take_a_holiday,centered,rename
IMG_OBJECT_TAKE_A_TAXI,object_scene,object_take_a_taxi,Take A Taxi,img__object_take_a_taxi__v1.webp,object_general_take_a_taxi_centered_001.webp,object,general,take_a_taxi,centered,rename
IMG_OBJECT_TALL_HIGH,object_scene,object_tall_high,Tall High,img__object_tall_high__v1.webp,object_general_tall_high_centered_001.webp,object,general,tall_high,centered,rename
IMG_OBJECT_TEA,object_scene,object_tea,Tea,img__object_tea__v1.webp,object_food_tea_centered_001.webp,object,food,tea,centered,rename
IMG_OBJECT_TEACHER,object_scene,object_teacher,Teacher,img__object_teacher__v1.webp,object_person_teacher_centered_001.webp,object,person,teacher,centered,rename
IMG_OBJECT_TEACHING_BUILDING,object_scene,object_teaching_building,Teaching Building,img__object_teaching_building__v1.webp,object_general_teaching_building_centered_001.webp,object,general,teaching_building,centered,rename
IMG_OBJECT_TELEPHONE,object_scene,object_telephone,Telephone,img__object_telephone__v1.webp,object_electronics_telephone_centered_001.webp,object,electronics,telephone,centered,rename
IMG_OBJECT_TELEVISION,object_scene,object_television,Television,img__object_television__v1.webp,object_general_television_centered_001.webp,object,general,television,centered,rename
IMG_OBJECT_TEXT_OF_A_LESSON,object_scene,object_text_of_a_lesson,Text Of A Lesson,img__object_text_of_a_lesson__v1.webp,object_general_text_of_a_lesson_centered_001.webp,object,general,text_of_a_lesson,centered,rename
IMG_OBJECT_TEXTBOOK,object_scene,object_textbook,Textbook,img__object_textbook__v1.webp,object_general_textbook_centered_001.webp,object,general,textbook,centered,rename
IMG_OBJECT_THE_DAY_AFTER_TOMORROW,object_scene,object_the_day_after_tomorrow,The Day After Tomorrow,img__object_the_day_after_tomorrow__v1.webp,object_general_the_day_after_tomorrow_centered_001.webp,object,general,the_day_after_tomorrow,centered,rename
IMG_OBJECT_THE_DAY_BEFORE_YESTERDAY,object_scene,object_the_day_before_yesterday,The Day Before Yesterday,img__object_the_day_before_yesterday__v1.webp,object_general_the_day_before_yesterday_centered_001.webp,object,general,the_day_before_yesterday,centered,rename
IMG_OBJECT_THE_SAME,object_scene,object_the_same,The Same,img__object_the_same__v1.webp,object_general_the_same_centered_001.webp,object,general,the_same,centered,rename
IMG_OBJECT_THERE,object_scene,object_there,There,img__object_there__v1.webp,object_general_there_centered_001.webp,object,general,there,centered,rename
IMG_OBJECT_THERE_IS,object_scene,object_there_is,There Is,img__object_there_is__v1.webp,object_general_there_is_centered_001.webp,object,general,there_is,centered,rename
IMG_OBJECT_THERE_IS_ALSO,object_scene,object_there_is_also,There Is Also,img__object_there_is_also__v1.webp,object_general_there_is_also_centered_001.webp,object,general,there_is_also,centered,rename
IMG_OBJECT_THERE_IS_NOT,object_scene,object_there_is_not,There Is Not,img__object_there_is_not__v1.webp,object_general_there_is_not_centered_001.webp,object,general,there_is_not,centered,rename
IMG_OBJECT_THEY,object_scene,object_they,They,img__object_they__v1.webp,object_general_they_centered_001.webp,object,general,they,centered,rename
IMG_OBJECT_THEY_FEMALE,object_scene,object_they_female,They (Female),img__object_they_female__v1.webp,object_general_they_female_centered_001.webp,object,general,they_female,centered,rename
IMG_OBJECT_THING,object_scene,object_thing,Thing,img__object_thing__v1.webp,object_general_thing_centered_001.webp,object,general,thing,centered,rename
IMG_OBJECT_THIRSTY,object_scene,object_thirsty,Thirsty,img__object_thirsty__v1.webp,object_general_thirsty_centered_001.webp,object,general,thirsty,centered,rename
IMG_OBJECT_THIS_SIDE,object_scene,object_this_side,This Side,img__object_this_side__v1.webp,object_general_this_side_centered_001.webp,object,general,this_side,centered,rename
IMG_OBJECT_THIS_YEAR,object_scene,object_this_year,This Year,img__object_this_year__v1.webp,object_general_this_year_centered_001.webp,object,general,this_year,centered,rename
IMG_OBJECT_TICKET,object_scene,object_ticket,Ticket,img__object_ticket__v1.webp,object_general_ticket_centered_001.webp,object,general,ticket,centered,rename
IMG_OBJECT_TIME,object_scene,object_time,Time,img__object_time__v1.webp,object_time_time_centered_001.webp,object,time,time,centered,rename
IMG_OBJECT_TIME_OCCURRENCE,object_scene,object_time_occurrence,Time (Occurrence),img__object_time_occurrence__v1.webp,object_general_time_occurrence_centered_001.webp,object,general,time_occurrence,centered,rename
IMG_OBJECT_TIRED,object_scene,object_tired,Tired,img__object_tired__v1.webp,object_general_tired_centered_001.webp,object,general,tired,centered,rename
IMG_OBJECT_TODAY,object_scene,object_today,Today,img__object_today__v1.webp,object_time_today_centered_001.webp,object,time,today,centered,rename
IMG_OBJECT_TOGETHER,object_scene,object_together,Together,img__object_together__v1.webp,object_general_together_centered_001.webp,object,general,together,centered,rename
IMG_OBJECT_TOILET,object_scene,object_toilet,Toilet,img__object_toilet__v1.webp,object_general_toilet_centered_001.webp,object,general,toilet,centered,rename
IMG_OBJECT_TOMORROW,object_scene,object_tomorrow,Tomorrow,img__object_tomorrow__v1.webp,object_time_tomorrow_centered_001.webp,object,time,tomorrow,centered,rename
IMG_OBJECT_TOO,object_scene,object_too,Too,img__object_too__v1.webp,object_general_too_centered_001.webp,object,general,too,centered,rename
IMG_OBJECT_TRAIN,object_scene,object_train,Train,img__object_train__v1.webp,object_vehicle_train_centered_001.webp,object,vehicle,train,centered,rename
IMG_OBJECT_TRAIN_TICKET,object_scene,object_train_ticket,Train Ticket,img__object_train_ticket__v1.webp,object_vehicle_train_ticket_centered_001.webp,object,vehicle,train_ticket,centered,rename
IMG_OBJECT_TREE,object_scene,object_tree,Tree,img__object_tree__v1.webp,object_general_tree_centered_001.webp,object,general,tree,centered,rename
IMG_OBJECT_TRUE,object_scene,object_true,True,img__object_true__v1.webp,object_general_true_centered_001.webp,object,general,true,centered,rename
IMG_OBJECT_UNDER,object_scene,object_under,Under,img__object_under__v1.webp,object_general_under_centered_001.webp,object,general,under,centered,rename
IMG_OBJECT_UNIVERSITY,object_scene,object_university,University,img__object_university__v1.webp,object_general_university_centered_001.webp,object,general,university,centered,rename
IMG_OBJECT_UNIVERSITY_STUDENT,object_scene,object_university_student,University Student,img__object_university_student__v1.webp,object_general_university_student_centered_001.webp,object,general,university_student,centered,rename
IMG_OBJECT_UP,object_scene,object_up,Up,img__object_up__v1.webp,object_general_up_centered_001.webp,object,general,up,centered,rename
IMG_OBJECT_UPRIGHT,object_scene,object_upright,Upright,img__object_upright__v1.webp,object_general_upright_centered_001.webp,object,general,upright,centered,rename
IMG_OBJECT_UPSTAIRS,object_scene,object_upstairs,Upstairs,img__object_upstairs__v1.webp,object_general_upstairs_centered_001.webp,object,general,upstairs,centered,rename
IMG_OBJECT_US,object_scene,object_us,Us,img__object_us__v1.webp,object_general_us_centered_001.webp,object,general,us,centered,rename
IMG_OBJECT_USEFUL,object_scene,object_useful,Useful,img__object_useful__v1.webp,object_general_useful_centered_001.webp,object,general,useful,centered,rename
IMG_OBJECT_VEGETABLE,object_scene,object_vegetable,Vegetable,img__object_vegetable__v1.webp,object_food_vegetable_centered_001.webp,object,food,vegetable,centered,rename
IMG_OBJECT_VERY,object_scene,object_very,Very,img__object_very__v1.webp,object_general_very_centered_001.webp,object,general,very,centered,rename
IMG_OBJECT_WALKING,object_scene,object_walking,Walking,img__object_walking__v1.webp,object_general_walking_centered_001.webp,object,general,walking,centered,rename
IMG_OBJECT_WALLET,object_scene,object_wallet,Wallet,img__object_wallet__v1.webp,object_general_wallet_centered_001.webp,object,general,wallet,centered,rename
IMG_OBJECT_WATER,object_scene,object_water,Water,img__object_water__v1.webp,object_food_water_centered_001.webp,object,food,water,centered,rename
IMG_OBJECT_WE,object_scene,object_we,We,img__object_we__v1.webp,object_general_we_centered_001.webp,object,general,we,centered,rename
IMG_OBJECT_WEATHER,object_scene,object_weather,Weather,img__object_weather__v1.webp,object_general_weather_centered_001.webp,object,general,weather,centered,rename
IMG_OBJECT_WEEK,object_scene,object_week,Week,img__object_week__v1.webp,object_general_week_centered_001.webp,object,general,week,centered,rename
IMG_OBJECT_WELL,object_scene,object_well,Well,img__object_well__v1.webp,object_general_well_centered_001.webp,object,general,well,centered,rename
IMG_OBJECT_WEST,object_scene,object_west,West,img__object_west__v1.webp,object_general_west_centered_001.webp,object,general,west,centered,rename
IMG_OBJECT_WEST_SIDE,object_scene,object_west_side,West Side,img__object_west_side__v1.webp,object_general_west_side_centered_001.webp,object,general,west_side,centered,rename
IMG_OBJECT_WHAT,object_scene,object_what,What,img__object_what__v1.webp,object_general_what_centered_001.webp,object,general,what,centered,rename
IMG_OBJECT_WHAT_TO_DO,object_scene,object_what_to_do,What To Do?,img__object_what_to_do__v1.webp,object_general_what_to_do_centered_001.webp,object,general,what_to_do,centered,rename
IMG_OBJECT_WHERE,object_scene,object_where,Where,img__object_where__v1.webp,object_general_where_centered_001.webp,object,general,where,centered,rename
IMG_OBJECT_WHICH,object_scene,object_which,Which,img__object_which__v1.webp,object_general_which_centered_001.webp,object,general,which,centered,rename
IMG_OBJECT_WHICH_ONES,object_scene,object_which_ones,Which Ones,img__object_which_ones__v1.webp,object_general_which_ones_centered_001.webp,object,general,which_ones,centered,rename
IMG_OBJECT_WHITE,object_scene,object_white,White,img__object_white__v1.webp,object_general_white_centered_001.webp,object,general,white,centered,rename
IMG_OBJECT_WHO,object_scene,object_who,Who,img__object_who__v1.webp,object_general_who_centered_001.webp,object,general,who,centered,rename
IMG_OBJECT_WILL,object_scene,object_will,Will,img__object_will__v1.webp,object_general_will_centered_001.webp,object,general,will,centered,rename
IMG_OBJECT_WIND,object_scene,object_wind,Wind,img__object_wind__v1.webp,object_general_wind_centered_001.webp,object,general,wind,centered,rename
IMG_OBJECT_WOMAN,object_scene,object_woman,Woman,img__object_woman__v1.webp,object_general_woman_centered_001.webp,object,general,woman,centered,rename
IMG_OBJECT_WORD,object_scene,object_word,Word,img__object_word__v1.webp,object_general_word_centered_001.webp,object,general,word,centered,rename
IMG_OBJECT_WORK,object_scene,object_work,Work,img__object_work__v1.webp,object_general_work_centered_001.webp,object,general,work,centered,rename
IMG_OBJECT_WORKER,object_scene,object_worker,Worker,img__object_worker__v1.webp,object_general_worker_centered_001.webp,object,general,worker,centered,rename
IMG_OBJECT_WRONG,object_scene,object_wrong,Wrong,img__object_wrong__v1.webp,object_general_wrong_centered_001.webp,object,general,wrong,centered,rename
IMG_OBJECT_YEAR,object_scene,object_year,Year,img__object_year__v1.webp,object_time_year_centered_001.webp,object,time,year,centered,rename
IMG_OBJECT_YEARS_OLD,object_scene,object_years_old,Years Old,img__object_years_old__v1.webp,object_general_years_old_centered_001.webp,object,general,years_old,centered,rename
IMG_OBJECT_YES,object_scene,object_yes,Yes,img__object_yes__v1.webp,object_general_yes_centered_001.webp,object,general,yes,centered,rename
IMG_OBJECT_YESTERDAY,object_scene,object_yesterday,Yesterday,img__object_yesterday__v1.webp,object_time_yesterday_centered_001.webp,object,time,yesterday,centered,rename
IMG_OBJECT_YOU,object_scene,object_you,You,img__object_you__v1.webp,object_general_you_centered_001.webp,object,general,you,centered,rename
IMG_OBJECT_YOU_PLURAL,object_scene,object_you_plural,You (Plural),img__object_you_plural__v1.webp,object_general_you_plural_centered_001.webp,object,general,you_plural,centered,rename
IMG_OBJECT_YOU_POLITE_FORM,object_scene,object_you_polite_form,You (Polite Form),img__object_you_polite_form__v1.webp,object_general_you_polite_form_centered_001.webp,object,general,you_polite_form,centered,rename
IMG_OBJECT_YOU_RE_WELCOME,object_scene,object_you_re_welcome,You'Re Welcome,img__object_you_re_welcome__v1.webp,object_general_you_re_welcome_centered_001.webp,object,general,you_re_welcome,centered,rename
IMG_OBJECT_YOUNG_LADY,object_scene,object_young_lady,Young Lady,img__object_young_lady__v1.webp,object_general_young_lady_centered_001.webp,object,general,young_lady,centered,rename
IMG_OBJECT_YOUNGER_BROTHER,object_scene,object_younger_brother,Younger Brother,img__object_younger_brother__v1.webp,object_general_younger_brother_centered_001.webp,object,general,younger_brother,centered,rename
IMG_OBJECT_YOUNGER_SISTER,object_scene,object_younger_sister,Younger Sister,img__object_younger_sister__v1.webp,object_general_younger_sister_centered_001.webp,object,general,younger_sister,centered,rename
