image_id,current_filename,recommended_filename,status,source_path
IMG_ABSTRACT_ANGRY,img__abstract_angry__v1.webp,symbol_emotion_angry_storm_001.webp,mapped_from_legacy_word_W,/Users/mansur/universal_study_bot org/backend/static/images/word_W00498.webp
IMG_ABSTRACT_HAPPY,img__abstract_happy__v1.webp,symbol_emotion_happy_sun_001.webp,mapped_from_legacy_word_W,/Users/mansur/universal_study_bot org/backend/static/images/word_W00031.webp
IMG_ABSTRACT_LOVE,img__abstract_love__v1.webp,symbol_emotion_love_heart_001.webp,missing,
IMG_ABSTRACT_THANK_YOU,img__abstract_thank_you__v1.webp,symbol_emotion_thank_you_open_hand_001.webp,missing,
IMG_ACTION_BE_ABLE_TO,img__action_be_able_to__v1.webp,action_general_be_able_to_side_001.webp,missing,
IMG_ACTION_MAKE_A_PHONE_CALL,img__action_make_a_phone_call__v1.webp,action_communication_make_a_phone_call_side_001.webp,missing,
IMG_ACTION_TO_ARRIVE,img__action_to_arrive__v1.webp,action_motion_arrive_side_001.webp,missing,
IMG_ACTION_TO_ASK,img__action_to_ask__v1.webp,action_communication_ask_side_001.webp,missing,
IMG_ACTION_TO_BE,img__action_to_be__v1.webp,action_general_be_side_001.webp,missing,
IMG_ACTION_TO_BE_CALLED,img__action_to_be_called__v1.webp,action_general_be_called_side_001.webp,missing,
IMG_ACTION_TO_BE_ILL,img__action_to_be_ill__v1.webp,action_general_be_ill_side_001.webp,missing,
IMG_ACTION_TO_BUY,img__action_to_buy__v1.webp,action_daily_buy_side_001.webp,missing,
IMG_ACTION_TO_CALL,img__action_to_call__v1.webp,action_communication_call_side_001.webp,missing,
IMG_ACTION_TO_CLOSE,img__action_to_close__v1.webp,action_general_close_side_001.webp,missing,
IMG_ACTION_TO_COME,img__action_to_come__v1.webp,action_motion_come_side_001.webp,missing,
IMG_ACTION_TO_COMPARE,img__action_to_compare__v1.webp,action_general_compare_side_001.webp,missing,
IMG_ACTION_TO_DO,img__action_to_do__v1.webp,action_general_do_side_001.webp,missing,
IMG_ACTION_TO_DRINK,img__action_to_drink__v1.webp,action_daily_drink_side_001.webp,mapped_from_legacy_word_W,/Users/mansur/universal_study_bot org/backend/static/images/word_W00038.webp
IMG_ACTION_TO_DRIVE,img__action_to_drive__v1.webp,action_general_drive_side_001.webp,missing,
IMG_ACTION_TO_DRIVE_A_CAR,img__action_to_drive_a_car__v1.webp,action_general_drive_a_car_side_001.webp,missing,
IMG_ACTION_TO_EAT,img__action_to_eat__v1.webp,action_daily_eat_side_001.webp,mapped_from_legacy_word_W,/Users/mansur/universal_study_bot org/backend/static/images/word_W00011.webp
IMG_ACTION_TO_ENTER,img__action_to_enter__v1.webp,action_general_enter_side_001.webp,missing,
IMG_ACTION_TO_FEEL,img__action_to_feel__v1.webp,action_general_feel_side_001.webp,missing,
IMG_ACTION_TO_FIND,img__action_to_find__v1.webp,action_general_find_side_001.webp,missing,
IMG_ACTION_TO_FLY,img__action_to_fly__v1.webp,action_general_fly_side_001.webp,missing,
IMG_ACTION_TO_FOLLOW,img__action_to_follow__v1.webp,action_general_follow_side_001.webp,missing,
IMG_ACTION_TO_FORGET,img__action_to_forget__v1.webp,action_general_forget_side_001.webp,missing,
IMG_ACTION_TO_GIVE,img__action_to_give__v1.webp,action_general_give_side_001.webp,missing,
IMG_ACTION_TO_GIVE_AS_A_GIFT,img__action_to_give_as_a_gift__v1.webp,action_general_give_as_a_gift_side_001.webp,missing,
IMG_ACTION_TO_GO,img__action_to_go__v1.webp,action_motion_go_side_001.webp,missing,
IMG_ACTION_TO_GO_BACK,img__action_to_go_back__v1.webp,action_motion_go_back_side_001.webp,missing,
IMG_ACTION_TO_GO_IN,img__action_to_go_in__v1.webp,action_motion_go_in_side_001.webp,missing,
IMG_ACTION_TO_GO_OUT,img__action_to_go_out__v1.webp,action_motion_go_out_side_001.webp,missing,
IMG_ACTION_TO_HAVE,img__action_to_have__v1.webp,action_general_have_side_001.webp,missing,
IMG_ACTION_TO_HEAR,img__action_to_hear__v1.webp,action_communication_hear_side_001.webp,missing,
IMG_ACTION_TO_HELP,img__action_to_help__v1.webp,action_general_help_side_001.webp,missing,
IMG_ACTION_TO_HIT_OR_STRIKE,img__action_to_hit_or_strike__v1.webp,action_general_hit_or_strike_side_001.webp,missing,
IMG_ACTION_TO_HOLD,img__action_to_hold__v1.webp,action_general_hold_side_001.webp,missing,
IMG_ACTION_TO_JOKE,img__action_to_joke__v1.webp,action_general_joke_side_001.webp,missing,
IMG_ACTION_TO_KNOW,img__action_to_know__v1.webp,action_general_know_side_001.webp,missing,
IMG_ACTION_TO_LAUGH,img__action_to_laugh__v1.webp,action_general_laugh_side_001.webp,missing,
IMG_ACTION_TO_LEARN,img__action_to_learn__v1.webp,action_daily_learn_side_001.webp,missing,
IMG_ACTION_TO_LIKE,img__action_to_like__v1.webp,action_general_like_side_001.webp,missing,
IMG_ACTION_TO_LISTEN,img__action_to_listen__v1.webp,action_communication_listen_side_001.webp,missing,
IMG_ACTION_TO_LIVE,img__action_to_live__v1.webp,action_general_live_side_001.webp,missing,
IMG_ACTION_TO_LOOK,img__action_to_look__v1.webp,action_general_look_side_001.webp,missing,
IMG_ACTION_TO_LOOK_FOR,img__action_to_look_for__v1.webp,action_general_look_for_side_001.webp,missing,
IMG_ACTION_TO_MAKE,img__action_to_make__v1.webp,action_general_make_side_001.webp,missing,
IMG_ACTION_TO_MOVE,img__action_to_move__v1.webp,action_motion_move_side_001.webp,missing,
IMG_ACTION_TO_OBTAIN,img__action_to_obtain__v1.webp,action_general_obtain_side_001.webp,missing,
IMG_ACTION_TO_OPEN,img__action_to_open__v1.webp,action_general_open_side_001.webp,missing,
IMG_ACTION_TO_PASS,img__action_to_pass__v1.webp,action_general_pass_side_001.webp,missing,
IMG_ACTION_TO_PLACE,img__action_to_place__v1.webp,action_general_place_side_001.webp,missing,
IMG_ACTION_TO_PLAY,img__action_to_play__v1.webp,action_daily_play_side_001.webp,missing,
IMG_ACTION_TO_PUT_DOWN,img__action_to_put_down__v1.webp,action_general_put_down_side_001.webp,missing,
IMG_ACTION_TO_RAIN,img__action_to_rain__v1.webp,action_general_rain_side_001.webp,missing,
IMG_ACTION_TO_READ,img__action_to_read__v1.webp,action_communication_read_side_001.webp,missing,
IMG_ACTION_TO_RECOGNIZE,img__action_to_recognize__v1.webp,action_general_recognize_side_001.webp,missing,
IMG_ACTION_TO_REMEMBER,img__action_to_remember__v1.webp,action_general_remember_side_001.webp,missing,
IMG_ACTION_TO_RETURN,img__action_to_return__v1.webp,action_motion_return_side_001.webp,missing,
IMG_ACTION_TO_RISE,img__action_to_rise__v1.webp,action_motion_rise_side_001.webp,missing,
IMG_ACTION_TO_RISE_UP,img__action_to_rise_up__v1.webp,action_motion_rise_up_side_001.webp,missing,
IMG_ACTION_TO_RUN,img__action_to_run__v1.webp,action_motion_run_side_001.webp,missing,
IMG_ACTION_TO_SEE,img__action_to_see__v1.webp,action_general_see_side_001.webp,missing,
IMG_ACTION_TO_SING,img__action_to_sing__v1.webp,action_communication_sing_side_001.webp,missing,
IMG_ACTION_TO_SIT,img__action_to_sit__v1.webp,action_motion_sit_side_001.webp,missing,
IMG_ACTION_TO_SLEEP,img__action_to_sleep__v1.webp,action_daily_sleep_side_001.webp,mapped_from_legacy_word_W,/Users/mansur/universal_study_bot org/backend/static/images/word_W00098.webp
IMG_ACTION_TO_SPEAK,img__action_to_speak__v1.webp,action_communication_speak_side_001.webp,missing,
IMG_ACTION_TO_SPEND,img__action_to_spend__v1.webp,action_general_spend_side_001.webp,missing,
IMG_ACTION_TO_STAND,img__action_to_stand__v1.webp,action_motion_stand_side_001.webp,missing,
IMG_ACTION_TO_STAY,img__action_to_stay__v1.webp,action_general_stay_side_001.webp,missing,
IMG_ACTION_TO_STUDY_OR_LEARN,img__action_to_study_or_learn__v1.webp,action_daily_study_or_learn_side_001.webp,missing,
IMG_ACTION_TO_TAKE,img__action_to_take__v1.webp,action_general_take_side_001.webp,missing,
IMG_ACTION_TO_TAKE_A_VEHICLE,img__action_to_take_a_vehicle__v1.webp,action_general_take_a_vehicle_side_001.webp,missing,
IMG_ACTION_TO_TALK,img__action_to_talk__v1.webp,action_communication_talk_side_001.webp,missing,
IMG_ACTION_TO_TEACH,img__action_to_teach__v1.webp,action_general_teach_side_001.webp,missing,
IMG_ACTION_TO_TELL,img__action_to_tell__v1.webp,action_communication_tell_side_001.webp,missing,
IMG_ACTION_TO_THINK,img__action_to_think__v1.webp,action_general_think_side_001.webp,missing,
IMG_ACTION_TO_TRY_OR_TEST,img__action_to_try_or_test__v1.webp,action_general_try_or_test_side_001.webp,missing,
IMG_ACTION_TO_TURN_OFF,img__action_to_turn_off__v1.webp,action_general_turn_off_side_001.webp,missing,
IMG_ACTION_TO_UNDERSTAND,img__action_to_understand__v1.webp,action_general_understand_side_001.webp,missing,
IMG_ACTION_TO_USE,img__action_to_use__v1.webp,action_general_use_side_001.webp,missing,
IMG_ACTION_TO_WAIT,img__action_to_wait__v1.webp,action_general_wait_side_001.webp,missing,
IMG_ACTION_TO_WALK,img__action_to_walk__v1.webp,action_motion_walk_side_001.webp,missing,
IMG_ACTION_TO_WALK_OR_MOVE,img__action_to_walk_or_move__v1.webp,action_motion_walk_or_move_side_001.webp,missing,
IMG_ACTION_TO_WANT,img__action_to_want__v1.webp,action_general_want_side_001.webp,missing,
IMG_ACTION_TO_WASH,img__action_to_wash__v1.webp,action_daily_wash_side_001.webp,missing,
IMG_ACTION_TO_WATCH,img__action_to_watch__v1.webp,action_general_watch_side_001.webp,missing,
IMG_ACTION_TO_WEAR,img__action_to_wear__v1.webp,action_daily_wear_side_001.webp,missing,
IMG_ACTION_TO_WRAP_OR_CONTAIN,img__action_to_wrap_or_contain__v1.webp,action_general_wrap_or_contain_side_001.webp,missing,
IMG_ACTION_TO_WRITE,img__action_to_write__v1.webp,action_communication_write_side_001.webp,missing,
IMG_CULTURE_YUAN,img__culture_yuan__v1.webp,cultural_chinese_yuan_authentic_001.webp,missing,
IMG_GRAMMAR_A_GENERAL_MEASURE_WORD,img__grammar_a_general_measure_word__v1.webp,icon_grammar_a_general_measure_word_icon_001.webp,missing,
IMG_GRAMMAR_A_PARTICLE_INDICATING_SUGGESTION_OR_REQUEST,img__grammar_a_particle_indicating_suggestion_or_request__v1.webp,icon_grammar_a_particle_indicating_suggestion_or_request_icon_001.webp,missing,
IMG_GRAMMAR_ALL,img__grammar_all__v1.webp,icon_grammar_all_icon_001.webp,missing,
IMG_GRAMMAR_BOTH,img__grammar_both__v1.webp,icon_grammar_both_icon_001.webp,missing,
IMG_GRAMMAR_HOW_MANY,img__grammar_how_many__v1.webp,icon_grammar_how_many_icon_001.webp,missing,
IMG_GRAMMAR_HOW_MUCH,img__grammar_how_much__v1.webp,icon_grammar_how_much_icon_001.webp,missing,
IMG_GRAMMAR_MEASURE_WORD,img__grammar_measure_word__v1.webp,icon_grammar_measure_word_icon_001.webp,missing,
IMG_GRAMMAR_MEASURE_WORD_FOR_BOOKS,img__grammar_measure_word_for_books__v1.webp,icon_grammar_measure_word_for_books_icon_001.webp,missing,
IMG_GRAMMAR_NO,img__grammar_no__v1.webp,icon_grammar_no_icon_001.webp,missing,
IMG_GRAMMAR_NOT,img__grammar_not__v1.webp,icon_grammar_not_icon_001.webp,missing,
IMG_GRAMMAR_PLURAL_MARKER_FOR_PRONOUNS,img__grammar_plural_marker_for_pronouns__v1.webp,icon_grammar_plural_marker_for_pronouns_icon_001.webp,missing,
IMG_GRAMMAR_POSSESSIVE_PARTICLE,img__grammar_possessive_particle__v1.webp,icon_grammar_possessive_particle_icon_001.webp,missing,
IMG_GRAMMAR_QUESTION_PARTICLE,img__grammar_question_particle__v1.webp,icon_grammar_question_particle_icon_001.webp,missing,
IMG_GRAMMAR_STRUCTURAL_PARTICLE_BEFORE_ADVERBIAL,img__grammar_structural_particle_before_adverbial__v1.webp,icon_grammar_structural_particle_before_adverbial_icon_001.webp,missing,
IMG_GRAMMAR_THAT,img__grammar_that__v1.webp,icon_grammar_that_icon_001.webp,missing,
IMG_GRAMMAR_THESE,img__grammar_these__v1.webp,icon_grammar_these_icon_001.webp,missing,
IMG_GRAMMAR_THIS,img__grammar_this__v1.webp,icon_grammar_this_icon_001.webp,missing,
IMG_GRAMMAR_THOSE,img__grammar_those__v1.webp,icon_grammar_those_icon_001.webp,missing,
IMG_LOCATION_ABROAD,img__location_abroad__v1.webp,location_outdoor_abroad_scene_001.webp,missing,
IMG_LOCATION_AFTER_SCHOOL,img__location_after_school__v1.webp,location_building_after_school_scene_001.webp,missing,
IMG_LOCATION_AIRPORT,img__location_airport__v1.webp,location_outdoor_airport_scene_001.webp,missing,
IMG_LOCATION_AT_HOME,img__location_at_home__v1.webp,location_building_at_home_scene_001.webp,missing,
IMG_LOCATION_BEIJING,img__location_beijing__v1.webp,location_building_beijing_scene_001.webp,missing,
IMG_LOCATION_BOOKSTORE,img__location_bookstore__v1.webp,location_indoor_bookstore_scene_001.webp,missing,
IMG_LOCATION_COUNTRY,img__location_country__v1.webp,location_outdoor_country_scene_001.webp,missing,
IMG_LOCATION_ELECTRICITY,img__location_electricity__v1.webp,location_building_electricity_scene_001.webp,missing,
IMG_LOCATION_ELEMENTARY_SCHOOL_STUDENT,img__location_elementary_school_student__v1.webp,location_building_elementary_school_student_scene_001.webp,missing,
IMG_LOCATION_FOREIGN_COUNTRY,img__location_foreign_country__v1.webp,location_building_foreign_country_scene_001.webp,missing,
IMG_LOCATION_GO_HOME,img__location_go_home__v1.webp,location_building_go_home_scene_001.webp,missing,
IMG_LOCATION_GOING_TO_SCHOOL,img__location_going_to_school__v1.webp,location_building_going_to_school_scene_001.webp,missing,
IMG_LOCATION_HOME,img__location_home__v1.webp,location_indoor_home_scene_001.webp,missing,
IMG_LOCATION_HOSPITAL,img__location_hospital__v1.webp,location_indoor_hospital_scene_001.webp,mapped_from_legacy_word_W,/Users/mansur/universal_study_bot org/backend/static/images/word_W00131.webp
IMG_LOCATION_HOUSE,img__location_house__v1.webp,location_indoor_house_scene_001.webp,missing,
IMG_LOCATION_MIDDLE_SCHOOL,img__location_middle_school__v1.webp,location_building_middle_school_scene_001.webp,missing,
IMG_LOCATION_MIDDLE_SCHOOL_STUDENT,img__location_middle_school_student__v1.webp,location_building_middle_school_student_scene_001.webp,missing,
IMG_LOCATION_ON_THE_ROAD,img__location_on_the_road__v1.webp,location_building_on_the_road_scene_001.webp,missing,
IMG_LOCATION_PRIMARY_SCHOOL,img__location_primary_school__v1.webp,location_building_primary_school_scene_001.webp,missing,
IMG_LOCATION_RESTAURANT,img__location_restaurant__v1.webp,location_indoor_restaurant_scene_001.webp,missing,
IMG_LOCATION_RESTROOM,img__location_restroom__v1.webp,location_building_restroom_scene_001.webp,missing,
IMG_LOCATION_ROAD,img__location_road__v1.webp,location_outdoor_road_scene_001.webp,missing,
IMG_LOCATION_ROOM,img__location_room__v1.webp,location_indoor_room_scene_001.webp,missing,
IMG_LOCATION_SCHOOL,img__location_school__v1.webp,location_indoor_school_scene_001.webp,mapped_from_legacy_word_W,/Users/mansur/universal_study_bot org/backend/static/images/word_W00127.webp
IMG_LOCATION_SCHOOL_BAG,img__location_school_bag__v1.webp,location_building_school_bag_scene_001.webp,missing,
IMG_LOCATION_SHOP,img__location_shop__v1.webp,location_indoor_shop_scene_001.webp,mapped_from_legacy_word_W,/Users/mansur/universal_study_bot org/backend/static/images/word_W00086.webp
IMG_LOCATION_SHOPPING_MALL,img__location_shopping_mall__v1.webp,location_building_shopping_mall_scene_001.webp,missing,
IMG_LOCATION_STATION,img__location_station__v1.webp,location_outdoor_station_scene_001.webp,missing,
IMG_LOCATION_STORE,img__location_store__v1.webp,location_indoor_store_scene_001.webp,mapped_from_legacy_word_W,/Users/mansur/universal_study_bot org/backend/static/images/word_W00086.webp
IMG_LOCATION_STREET,img__location_street__v1.webp,location_outdoor_street_scene_001.webp,missing,
IMG_LOCATION_TRAIN_STATION,img__location_train_station__v1.webp,location_outdoor_train_station_scene_001.webp,missing,
IMG_NUMBER_EIGHT,img__number_eight__v1.webp,count_number_eight_dots_grid_2x4_001.webp,missing,
IMG_NUMBER_FIVE,img__number_five__v1.webp,count_number_five_dots_arc_001.webp,missing,
IMG_NUMBER_FOUR,img__number_four__v1.webp,count_number_four_dots_grid_2x2_001.webp,missing,
IMG_NUMBER_HALF,img__number_half__v1.webp,count_number_half_split_circle_001.webp,missing,
IMG_NUMBER_HUNDRED,img__number_hundred__v1.webp,count_number_hundred_dense_dot_grid_001.webp,missing,
IMG_NUMBER_NINE,img__number_nine__v1.webp,count_number_nine_dots_grid_3x3_001.webp,missing,
IMG_NUMBER_ONE,img__number_one__v1.webp,count_number_one_single_dot_001.webp,missing,
IMG_NUMBER_SEVEN,img__number_seven__v1.webp,count_number_seven_dots_cluster_001.webp,missing,
IMG_NUMBER_SIX,img__number_six__v1.webp,count_number_six_dots_grid_2x3_001.webp,missing,
IMG_NUMBER_TEN,img__number_ten__v1.webp,count_number_ten_dots_columns_2x5_001.webp,missing,
IMG_NUMBER_THREE,img__number_three__v1.webp,count_number_three_three_dots_row_001.webp,missing,
IMG_NUMBER_TWO,img__number_two__v1.webp,count_number_two_two_dots_001.webp,missing,
IMG_NUMBER_ZERO,img__number_zero__v1.webp,count_number_zero_empty_circle_001.webp,missing,
IMG_OBJECT_A_FEW,img__object_a_few__v1.webp,object_general_a_few_centered_001.webp,missing,
IMG_OBJECT_A_LITTLE_BIT,img__object_a_little_bit__v1.webp,object_general_a_little_bit_centered_001.webp,missing,
IMG_OBJECT_A_LITTLE_WHILE,img__object_a_little_while__v1.webp,object_general_a_little_while_centered_001.webp,missing,
IMG_OBJECT_A_MOMENT,img__object_a_moment__v1.webp,object_general_a_moment_centered_001.webp,missing,
IMG_OBJECT_ABOVE,img__object_above__v1.webp,object_general_above_centered_001.webp,missing,
IMG_OBJECT_ACTION,img__object_action__v1.webp,object_general_action_centered_001.webp,missing,
IMG_OBJECT_ADMISSION_TICKET,img__object_admission_ticket__v1.webp,object_general_admission_ticket_centered_001.webp,missing,
IMG_OBJECT_AFTERNOON,img__object_afternoon__v1.webp,object_time_afternoon_centered_001.webp,missing,
IMG_OBJECT_AGAIN,img__object_again__v1.webp,object_general_again_centered_001.webp,missing,
IMG_OBJECT_AIRPLANE,img__object_airplane__v1.webp,object_vehicle_airplane_centered_001.webp,mapped_from_legacy_word_W,/Users/mansur/universal_study_bot org/backend/static/images/word_W00029.webp
IMG_OBJECT_ALSO,img__object_also__v1.webp,object_general_also_centered_001.webp,missing,
IMG_OBJECT_AND_TOGETHER_WITH,img__object_and_together_with__v1.webp,object_general_and_together_with_centered_001.webp,missing,
IMG_OBJECT_ANSWER,img__object_answer__v1.webp,object_general_answer_centered_001.webp,missing,
IMG_OBJECT_AT_IN_ON,img__object_at_in_on__v1.webp,object_general_at_in_on_centered_001.webp,missing,
IMG_OBJECT_ATTEND_CLASS,img__object_attend_class__v1.webp,object_general_attend_class_centered_001.webp,missing,
IMG_OBJECT_BACK_SIDE,img__object_back_side__v1.webp,object_general_back_side_centered_001.webp,missing,
IMG_OBJECT_BAD,img__object_bad__v1.webp,object_general_bad_centered_001.webp,missing,
IMG_OBJECT_BALL,img__object_ball__v1.webp,object_general_ball_centered_001.webp,missing,
IMG_OBJECT_BED,img__object_bed__v1.webp,object_general_bed_centered_001.webp,missing,
IMG_OBJECT_BEFORE,img__object_before__v1.webp,object_general_before_centered_001.webp,missing,
IMG_OBJECT_BEHIND,img__object_behind__v1.webp,object_general_behind_centered_001.webp,missing,
IMG_OBJECT_BELOW,img__object_below__v1.webp,object_general_below_centered_001.webp,missing,
IMG_OBJECT_BESIDE,img__object_beside__v1.webp,object_general_beside_centered_001.webp,missing,
IMG_OBJECT_BEST,img__object_best__v1.webp,object_general_best_centered_001.webp,missing,
IMG_OBJECT_BETWEEN,img__object_between__v1.webp,object_general_between_centered_001.webp,missing,
IMG_OBJECT_BIG,img__object_big__v1.webp,object_general_big_centered_001.webp,missing,
IMG_OBJECT_BIRTHDAY,img__object_birthday__v1.webp,object_general_birthday_centered_001.webp,missing,
IMG_OBJECT_BODY,img__object_body__v1.webp,object_general_body_centered_001.webp,missing,
IMG_OBJECT_BOOK,img__object_book__v1.webp,object_general_book_centered_001.webp,missing,
IMG_OBJECT_BOY,img__object_boy__v1.webp,object_general_boy_centered_001.webp,missing,
IMG_OBJECT_BOYFRIEND,img__object_boyfriend__v1.webp,object_general_boyfriend_centered_001.webp,missing,
IMG_OBJECT_BREAD,img__object_bread__v1.webp,object_food_bread_centered_001.webp,missing,
IMG_OBJECT_BREAKFAST,img__object_breakfast__v1.webp,object_general_breakfast_centered_001.webp,missing,
IMG_OBJECT_BROKEN,img__object_broken__v1.webp,object_general_broken_centered_001.webp,missing,
IMG_OBJECT_BUILDING,img__object_building__v1.webp,object_general_building_centered_001.webp,missing,
IMG_OBJECT_BUSY,img__object_busy__v1.webp,object_vehicle_busy_centered_001.webp,missing,
IMG_OBJECT_CAN,img__object_can__v1.webp,object_general_can_centered_001.webp,missing,
IMG_OBJECT_CAR,img__object_car__v1.webp,object_vehicle_car_centered_001.webp,missing,
IMG_OBJECT_CENT,img__object_cent__v1.webp,object_general_cent_centered_001.webp,missing,
IMG_OBJECT_CHARACTER,img__object_character__v1.webp,object_general_character_centered_001.webp,missing,
IMG_OBJECT_CHILD,img__object_child__v1.webp,object_person_child_centered_001.webp,missing,
IMG_OBJECT_CHINA,img__object_china__v1.webp,object_general_china_centered_001.webp,missing,
IMG_OBJECT_CHINESE_CHARACTERS,img__object_chinese_characters__v1.webp,object_general_chinese_characters_centered_001.webp,missing,
IMG_OBJECT_CHINESE_LANGUAGE,img__object_chinese_language__v1.webp,object_general_chinese_language_centered_001.webp,missing,
IMG_OBJECT_CLASS,img__object_class__v1.webp,object_general_class_centered_001.webp,missing,
IMG_OBJECT_CLASS_DISMISSED,img__object_class_dismissed__v1.webp,object_general_class_dismissed_centered_001.webp,missing,
IMG_OBJECT_CLASSMATE,img__object_classmate__v1.webp,object_general_classmate_centered_001.webp,missing,
IMG_OBJECT_CLEAN,img__object_clean__v1.webp,object_general_clean_centered_001.webp,missing,
IMG_OBJECT_CLEAR,img__object_clear__v1.webp,object_general_clear_centered_001.webp,missing,
IMG_OBJECT_CLOSE_IT,img__object_close_it__v1.webp,object_general_close_it_centered_001.webp,missing,
IMG_OBJECT_CLOTHES,img__object_clothes__v1.webp,object_general_clothes_centered_001.webp,missing,
IMG_OBJECT_COLD,img__object_cold__v1.webp,object_general_cold_centered_001.webp,missing,
IMG_OBJECT_COLLEGE_OR_ACADEMY,img__object_college_or_academy__v1.webp,object_general_college_or_academy_centered_001.webp,missing,
IMG_OBJECT_COME_BACK,img__object_come_back__v1.webp,object_general_come_back_centered_001.webp,missing,
IMG_OBJECT_COME_IN,img__object_come_in__v1.webp,object_general_come_in_centered_001.webp,missing,
IMG_OBJECT_COME_OUT,img__object_come_out__v1.webp,object_general_come_out_centered_001.webp,missing,
IMG_OBJECT_COMMON,img__object_common__v1.webp,object_general_common_centered_001.webp,missing,
IMG_OBJECT_COMPLETED_ACTION_MARKER,img__object_completed_action_marker__v1.webp,object_general_completed_action_marker_centered_001.webp,missing,
IMG_OBJECT_COMPUTER,img__object_computer__v1.webp,object_electronics_computer_centered_001.webp,mapped_from_legacy_word_W,/Users/mansur/universal_study_bot org/backend/static/images/word_W00017.webp
IMG_OBJECT_COOKED_RICE,img__object_cooked_rice__v1.webp,object_general_cooked_rice_centered_001.webp,missing,
IMG_OBJECT_CORRECT,img__object_correct__v1.webp,object_general_correct_centered_001.webp,missing,
IMG_OBJECT_CUP,img__object_cup__v1.webp,object_general_cup_centered_001.webp,missing,
IMG_OBJECT_DAD,img__object_dad__v1.webp,object_person_dad_centered_001.webp,missing,
IMG_OBJECT_DATE,img__object_date__v1.webp,object_general_date_centered_001.webp,missing,
IMG_OBJECT_DAUGHTER,img__object_daughter__v1.webp,object_general_daughter_centered_001.webp,missing,
IMG_OBJECT_DAY_DATE,img__object_day_date__v1.webp,object_general_day_date_centered_001.webp,missing,
IMG_OBJECT_DAY_OF_MONTH,img__object_day_of_month__v1.webp,object_general_day_of_month_centered_001.webp,missing,
IMG_OBJECT_DAYTIME,img__object_daytime__v1.webp,object_general_daytime_centered_001.webp,missing,
IMG_OBJECT_DELICIOUS,img__object_delicious__v1.webp,object_general_delicious_centered_001.webp,missing,
IMG_OBJECT_DESK,img__object_desk__v1.webp,object_general_desk_centered_001.webp,missing,
IMG_OBJECT_DICTATION,img__object_dictation__v1.webp,object_general_dictation_centered_001.webp,missing,
IMG_OBJECT_DIFFERENCE,img__object_difference__v1.webp,object_general_difference_centered_001.webp,missing,
IMG_OBJECT_DIFFICULT,img__object_difficult__v1.webp,object_general_difficult_centered_001.webp,missing,
IMG_OBJECT_DINNER,img__object_dinner__v1.webp,object_general_dinner_centered_001.webp,missing,
IMG_OBJECT_DISH_OR_VEGETABLE,img__object_dish_or_vegetable__v1.webp,object_general_dish_or_vegetable_centered_001.webp,missing,
IMG_OBJECT_DO_NOT,img__object_do_not__v1.webp,object_general_do_not_centered_001.webp,missing,
IMG_OBJECT_DOCTOR,img__object_doctor__v1.webp,object_person_doctor_centered_001.webp,missing,
IMG_OBJECT_DOOR,img__object_door__v1.webp,object_general_door_centered_001.webp,missing,
IMG_OBJECT_DOORWAY,img__object_doorway__v1.webp,object_general_doorway_centered_001.webp,missing,
IMG_OBJECT_DOWN,img__object_down__v1.webp,object_general_down_centered_001.webp,missing,
IMG_OBJECT_DOWNSTAIRS,img__object_downstairs__v1.webp,object_general_downstairs_centered_001.webp,missing,
IMG_OBJECT_EARLY,img__object_early__v1.webp,object_general_early_centered_001.webp,missing,
IMG_OBJECT_EARNEST,img__object_earnest__v1.webp,object_general_earnest_centered_001.webp,missing,
IMG_OBJECT_EAST,img__object_east__v1.webp,object_general_east_centered_001.webp,missing,
IMG_OBJECT_EAST_SIDE,img__object_east_side__v1.webp,object_general_east_side_centered_001.webp,missing,
IMG_OBJECT_EGG,img__object_egg__v1.webp,object_food_egg_centered_001.webp,missing,
IMG_OBJECT_ELDERLY_PERSON,img__object_elderly_person__v1.webp,object_general_elderly_person_centered_001.webp,missing,
IMG_OBJECT_EVENING,img__object_evening__v1.webp,object_time_evening_centered_001.webp,missing,
IMG_OBJECT_EXAM,img__object_exam__v1.webp,object_general_exam_centered_001.webp,missing,
IMG_OBJECT_EXCESSIVELY,img__object_excessively__v1.webp,object_general_excessively_centered_001.webp,missing,
IMG_OBJECT_EXPENSIVE,img__object_expensive__v1.webp,object_general_expensive_centered_001.webp,missing,
IMG_OBJECT_FAMILY,img__object_family__v1.webp,object_general_family_centered_001.webp,missing,
IMG_OBJECT_FAMILY_MEMBERS,img__object_family_members__v1.webp,object_general_family_members_centered_001.webp,missing,
IMG_OBJECT_FAMOUS,img__object_famous__v1.webp,object_general_famous_centered_001.webp,missing,
IMG_OBJECT_FAR,img__object_far__v1.webp,object_general_far_centered_001.webp,missing,
IMG_OBJECT_FAST,img__object_fast__v1.webp,object_general_fast_centered_001.webp,missing,
IMG_OBJECT_FEMALE,img__object_female__v1.webp,object_general_female_centered_001.webp,missing,
IMG_OBJECT_FEMALE_STUDENT,img__object_female_student__v1.webp,object_general_female_student_centered_001.webp,missing,
IMG_OBJECT_FEW_OR_LITTLE,img__object_few_or_little__v1.webp,object_general_few_or_little_centered_001.webp,missing,
IMG_OBJECT_FINALLY,img__object_finally__v1.webp,object_general_finally_centered_001.webp,missing,
IMG_OBJECT_FIRST,img__object_first__v1.webp,object_general_first_centered_001.webp,missing,
IMG_OBJECT_FLOOR,img__object_floor__v1.webp,object_general_floor_centered_001.webp,missing,
IMG_OBJECT_FLOWER,img__object_flower__v1.webp,object_general_flower_centered_001.webp,missing,
IMG_OBJECT_FOREIGN_LANGUAGE,img__object_foreign_language__v1.webp,object_general_foreign_language_centered_001.webp,missing,
IMG_OBJECT_FRIEND,img__object_friend__v1.webp,object_person_friend_centered_001.webp,missing,
IMG_OBJECT_FROM,img__object_from__v1.webp,object_general_from_centered_001.webp,missing,
IMG_OBJECT_FRONT,img__object_front__v1.webp,object_general_front_centered_001.webp,missing,
IMG_OBJECT_FRUIT,img__object_fruit__v1.webp,object_general_fruit_centered_001.webp,missing,
IMG_OBJECT_FUN,img__object_fun__v1.webp,object_general_fun_centered_001.webp,missing,
IMG_OBJECT_GET_OFF_THE_VEHICLE,img__object_get_off_the_vehicle__v1.webp,object_general_get_off_the_vehicle_centered_001.webp,missing,
IMG_OBJECT_GET_ON_THE_BUS,img__object_get_on_the_bus__v1.webp,object_vehicle_get_on_the_bus_centered_001.webp,missing,
IMG_OBJECT_GET_UP_FROM_BED,img__object_get_up_from_bed__v1.webp,object_general_get_up_from_bed_centered_001.webp,missing,
IMG_OBJECT_GIRL,img__object_girl__v1.webp,object_general_girl_centered_001.webp,missing,
IMG_OBJECT_GIRLFRIEND,img__object_girlfriend__v1.webp,object_general_girlfriend_centered_001.webp,missing,
IMG_OBJECT_GLAD,img__object_glad__v1.webp,object_general_glad_centered_001.webp,mapped_from_legacy_word_W,/Users/mansur/universal_study_bot org/backend/static/images/word_W00031.webp
IMG_OBJECT_GLASS,img__object_glass__v1.webp,object_general_glass_centered_001.webp,missing,
IMG_OBJECT_GO_BACK,img__object_go_back__v1.webp,object_general_go_back_centered_001.webp,missing,
IMG_OBJECT_GO_ONLINE,img__object_go_online__v1.webp,object_general_go_online_centered_001.webp,missing,
IMG_OBJECT_GO_OUT,img__object_go_out__v1.webp,object_general_go_out_centered_001.webp,missing,
IMG_OBJECT_GOING_TO_WORK,img__object_going_to_work__v1.webp,object_general_going_to_work_centered_001.webp,missing,
IMG_OBJECT_GOOD,img__object_good__v1.webp,object_general_good_centered_001.webp,missing,
IMG_OBJECT_GOOD_LOOKING,img__object_good_looking__v1.webp,object_general_good_looking_centered_001.webp,missing,
IMG_OBJECT_GOODBYE,img__object_goodbye__v1.webp,object_general_goodbye_centered_001.webp,missing,
IMG_OBJECT_GRANDFATHER,img__object_grandfather__v1.webp,object_general_grandfather_centered_001.webp,missing,
IMG_OBJECT_HAIR_OR_FUR,img__object_hair_or_fur__v1.webp,object_general_hair_or_fur_centered_001.webp,missing,
IMG_OBJECT_HALF_A_DAY,img__object_half_a_day__v1.webp,object_general_half_a_day_centered_001.webp,missing,
IMG_OBJECT_HALF_A_YEAR,img__object_half_a_year__v1.webp,object_general_half_a_year_centered_001.webp,missing,
IMG_OBJECT_HAND,img__object_hand__v1.webp,object_general_hand_centered_001.webp,missing,
IMG_OBJECT_HAVING_A_MEAL,img__object_having_a_meal__v1.webp,object_general_having_a_meal_centered_001.webp,missing,
IMG_OBJECT_HE,img__object_he__v1.webp,object_general_he_centered_001.webp,missing,
IMG_OBJECT_HEAVY,img__object_heavy__v1.webp,object_general_heavy_centered_001.webp,missing,
IMG_OBJECT_HER,img__object_her__v1.webp,object_general_her_centered_001.webp,missing,
IMG_OBJECT_HERE,img__object_here__v1.webp,object_general_here_centered_001.webp,missing,
IMG_OBJECT_HIM,img__object_him__v1.webp,object_general_him_centered_001.webp,missing,
IMG_OBJECT_HOBBY,img__object_hobby__v1.webp,object_general_hobby_centered_001.webp,missing,
IMG_OBJECT_HOLD_A_MEETING,img__object_hold_a_meeting__v1.webp,object_general_hold_a_meeting_centered_001.webp,missing,
IMG_OBJECT_HOT,img__object_hot__v1.webp,object_general_hot_centered_001.webp,missing,
IMG_OBJECT_HOUR,img__object_hour__v1.webp,object_general_hour_centered_001.webp,missing,
IMG_OBJECT_HOW,img__object_how__v1.webp,object_general_how_centered_001.webp,missing,
IMG_OBJECT_HUNGRY,img__object_hungry__v1.webp,object_general_hungry_centered_001.webp,missing,
IMG_OBJECT_HUSBAND,img__object_husband__v1.webp,object_general_husband_centered_001.webp,missing,
IMG_OBJECT_I,img__object_i__v1.webp,object_general_i_centered_001.webp,missing,
IMG_OBJECT_I_M_SORRY,img__object_i_m_sorry__v1.webp,object_general_i_m_sorry_centered_001.webp,missing,
IMG_OBJECT_ILLNESS,img__object_illness__v1.webp,object_general_illness_centered_001.webp,missing,
IMG_OBJECT_IMMEDIATELY,img__object_immediately__v1.webp,object_general_immediately_centered_001.webp,missing,
IMG_OBJECT_IMPORTANT,img__object_important__v1.webp,object_general_important_centered_001.webp,missing,
IMG_OBJECT_IN,img__object_in__v1.webp,object_general_in_centered_001.webp,missing,
IMG_OBJECT_IN_FRONT,img__object_in_front__v1.webp,object_general_in_front_centered_001.webp,missing,
IMG_OBJECT_IN_THE_PROCESS_OF,img__object_in_the_process_of__v1.webp,object_general_in_the_process_of_centered_001.webp,missing,
IMG_OBJECT_INDICATES_ONGOING_ACTION,img__object_indicates_ongoing_action__v1.webp,object_general_indicates_ongoing_action_centered_001.webp,missing,
IMG_OBJECT_INSIDE,img__object_inside__v1.webp,object_general_inside_centered_001.webp,missing,
IMG_OBJECT_INTERSECTION,img__object_intersection__v1.webp,object_general_intersection_centered_001.webp,missing,
IMG_OBJECT_INTRODUCTION,img__object_introduction__v1.webp,object_general_introduction_centered_001.webp,missing,
IMG_OBJECT_INVITE,img__object_invite__v1.webp,object_general_invite_centered_001.webp,missing,
IMG_OBJECT_IS_IT_OR_NOT,img__object_is_it_or_not__v1.webp,object_general_is_it_or_not_centered_001.webp,missing,
IMG_OBJECT_IT_S_NOTHING,img__object_it_s_nothing__v1.webp,object_general_it_s_nothing_centered_001.webp,missing,
IMG_OBJECT_IT_S_OKAY,img__object_it_s_okay__v1.webp,object_general_it_s_okay_centered_001.webp,missing,
IMG_OBJECT_JOB,img__object_job__v1.webp,object_general_job_centered_001.webp,missing,
IMG_OBJECT_JUST,img__object_just__v1.webp,object_general_just_centered_001.webp,missing,
IMG_OBJECT_KNOWLEDGE,img__object_knowledge__v1.webp,object_general_knowledge_centered_001.webp,missing,
IMG_OBJECT_LACK,img__object_lack__v1.webp,object_general_lack_centered_001.webp,missing,
IMG_OBJECT_LAST,img__object_last__v1.webp,object_general_last_centered_001.webp,missing,
IMG_OBJECT_LAST_TIME,img__object_last_time__v1.webp,object_general_last_time_centered_001.webp,missing,
IMG_OBJECT_LAST_YEAR,img__object_last_year__v1.webp,object_general_last_year_centered_001.webp,missing,
IMG_OBJECT_LEFT,img__object_left__v1.webp,object_general_left_centered_001.webp,missing,
IMG_OBJECT_LEFT_SIDE,img__object_left_side__v1.webp,object_general_left_side_centered_001.webp,missing,
IMG_OBJECT_LIBRARY,img__object_library__v1.webp,object_general_library_centered_001.webp,missing,
IMG_OBJECT_LITTLE,img__object_little__v1.webp,object_general_little_centered_001.webp,missing,
IMG_OBJECT_LITTLE_FRIEND,img__object_little_friend__v1.webp,object_general_little_friend_centered_001.webp,missing,
IMG_OBJECT_LOCATION,img__object_location__v1.webp,object_general_location_centered_001.webp,missing,
IMG_OBJECT_LUNCH,img__object_lunch__v1.webp,object_general_lunch_centered_001.webp,missing,
IMG_OBJECT_MALE,img__object_male__v1.webp,object_general_male_centered_001.webp,missing,
IMG_OBJECT_MAN,img__object_man__v1.webp,object_general_man_centered_001.webp,missing,
IMG_OBJECT_MANY,img__object_many__v1.webp,object_general_many_centered_001.webp,missing,
IMG_OBJECT_MAP,img__object_map__v1.webp,object_general_map_centered_001.webp,missing,
IMG_OBJECT_MATTER_OR_AFFAIR,img__object_matter_or_affair__v1.webp,object_general_matter_or_affair_centered_001.webp,missing,
IMG_OBJECT_MAY_I_ASK,img__object_may_i_ask__v1.webp,object_general_may_i_ask_centered_001.webp,missing,
IMG_OBJECT_ME,img__object_me__v1.webp,object_general_me_centered_001.webp,missing,
IMG_OBJECT_MEAL,img__object_meal__v1.webp,object_general_meal_centered_001.webp,missing,
IMG_OBJECT_MEAT,img__object_meat__v1.webp,object_general_meat_centered_001.webp,missing,
IMG_OBJECT_MEET_EACH_OTHER,img__object_meet_each_other__v1.webp,object_general_meet_each_other_centered_001.webp,missing,
IMG_OBJECT_MIDDLE,img__object_middle__v1.webp,object_general_middle_centered_001.webp,missing,
IMG_OBJECT_MILK,img__object_milk__v1.webp,object_general_milk_centered_001.webp,missing,
IMG_OBJECT_MINUTE,img__object_minute__v1.webp,object_general_minute_centered_001.webp,missing,
IMG_OBJECT_MISS,img__object_miss__v1.webp,object_general_miss_centered_001.webp,missing,
IMG_OBJECT_MOBILE_PHONE,img__object_mobile_phone__v1.webp,object_electronics_mobile_phone_centered_001.webp,missing,
IMG_OBJECT_MOMENT,img__object_moment__v1.webp,object_general_moment_centered_001.webp,missing,
IMG_OBJECT_MONEY,img__object_money__v1.webp,object_general_money_centered_001.webp,missing,
IMG_OBJECT_MONTH,img__object_month__v1.webp,object_time_month_centered_001.webp,missing,
IMG_OBJECT_MOON,img__object_moon__v1.webp,object_general_moon_centered_001.webp,missing,
IMG_OBJECT_MORNING,img__object_morning__v1.webp,object_time_morning_centered_001.webp,missing,
IMG_OBJECT_MOST,img__object_most__v1.webp,object_general_most_centered_001.webp,missing,
IMG_OBJECT_MOTHER,img__object_mother__v1.webp,object_person_mother_centered_001.webp,missing,
IMG_OBJECT_MOUNTAIN,img__object_mountain__v1.webp,object_general_mountain_centered_001.webp,missing,
IMG_OBJECT_MOUTH,img__object_mouth__v1.webp,object_general_mouth_centered_001.webp,missing,
IMG_OBJECT_MOVIE,img__object_movie__v1.webp,object_general_movie_centered_001.webp,missing,
IMG_OBJECT_MOVIE_THEATER,img__object_movie_theater__v1.webp,object_general_movie_theater_centered_001.webp,missing,
IMG_OBJECT_MR,img__object_mr__v1.webp,object_general_mr_centered_001.webp,missing,
IMG_OBJECT_MUCH,img__object_much__v1.webp,object_general_much_centered_001.webp,missing,
IMG_OBJECT_NAME,img__object_name__v1.webp,object_general_name_centered_001.webp,missing,
IMG_OBJECT_NATION,img__object_nation__v1.webp,object_general_nation_centered_001.webp,missing,
IMG_OBJECT_NEW,img__object_new__v1.webp,object_general_new_centered_001.webp,missing,
IMG_OBJECT_NEW_YEAR,img__object_new_year__v1.webp,object_general_new_year_centered_001.webp,missing,
IMG_OBJECT_NEXT_TIME,img__object_next_time__v1.webp,object_general_next_time_centered_001.webp,missing,
IMG_OBJECT_NEXT_YEAR,img__object_next_year__v1.webp,object_general_next_year_centered_001.webp,missing,
IMG_OBJECT_NO_NEED,img__object_no_need__v1.webp,object_general_no_need_centered_001.webp,missing,
IMG_OBJECT_NO_PROBLEM,img__object_no_problem__v1.webp,object_general_no_problem_centered_001.webp,missing,
IMG_OBJECT_NOODLES,img__object_noodles__v1.webp,object_general_noodles_centered_001.webp,missing,
IMG_OBJECT_NOON,img__object_noon__v1.webp,object_general_noon_centered_001.webp,missing,
IMG_OBJECT_NORTH,img__object_north__v1.webp,object_general_north_centered_001.webp,missing,
IMG_OBJECT_NORTH_SIDE,img__object_north_side__v1.webp,object_general_north_side_centered_001.webp,missing,
IMG_OBJECT_NOT_BIG,img__object_not_big__v1.webp,object_general_not_big_centered_001.webp,missing,
IMG_OBJECT_NOT_CORRECT,img__object_not_correct__v1.webp,object_general_not_correct_centered_001.webp,missing,
IMG_OBJECT_NOT_HAVE,img__object_not_have__v1.webp,object_general_not_have_centered_001.webp,missing,
IMG_OBJECT_NOTEBOOK,img__object_notebook__v1.webp,object_general_notebook_centered_001.webp,missing,
IMG_OBJECT_NOW,img__object_now__v1.webp,object_general_now_centered_001.webp,missing,
IMG_OBJECT_NUMBER,img__object_number__v1.webp,object_general_number_centered_001.webp,missing,
IMG_OBJECT_O_CLOCK,img__object_o_clock__v1.webp,object_general_o_clock_centered_001.webp,missing,
IMG_OBJECT_OFF_WORK,img__object_off_work__v1.webp,object_general_off_work_centered_001.webp,missing,
IMG_OBJECT_OFTEN,img__object_often__v1.webp,object_general_often_centered_001.webp,missing,
IMG_OBJECT_OLD,img__object_old__v1.webp,object_general_old_centered_001.webp,missing,
IMG_OBJECT_OLDER_BROTHER,img__object_older_brother__v1.webp,object_general_older_brother_centered_001.webp,missing,
IMG_OBJECT_OLDER_SISTER,img__object_older_sister__v1.webp,object_general_older_sister_centered_001.webp,missing,
IMG_OBJECT_ON,img__object_on__v1.webp,object_general_on_centered_001.webp,missing,
IMG_OBJECT_ON_THE_BODY,img__object_on_the_body__v1.webp,object_general_on_the_body_centered_001.webp,missing,
IMG_OBJECT_ON_THE_GROUND,img__object_on_the_ground__v1.webp,object_general_on_the_ground_centered_001.webp,missing,
IMG_OBJECT_ON_THE_VEHICLE,img__object_on_the_vehicle__v1.webp,object_general_on_the_vehicle_centered_001.webp,missing,
IMG_OBJECT_ONE_SIDE,img__object_one_side__v1.webp,object_general_one_side_centered_001.webp,missing,
IMG_OBJECT_ONLINE,img__object_online__v1.webp,object_general_online_centered_001.webp,missing,
IMG_OBJECT_ONLINE_FRIEND,img__object_online_friend__v1.webp,object_general_online_friend_centered_001.webp,missing,
IMG_OBJECT_OPEN,img__object_open__v1.webp,object_general_open_centered_001.webp,missing,
IMG_OBJECT_OR,img__object_or__v1.webp,object_general_or_centered_001.webp,missing,
IMG_OBJECT_ORDINAL_PREFIX,img__object_ordinal_prefix__v1.webp,object_general_ordinal_prefix_centered_001.webp,missing,
IMG_OBJECT_OTHER,img__object_other__v1.webp,object_general_other_centered_001.webp,missing,
IMG_OBJECT_OTHER_PEOPLE,img__object_other_people__v1.webp,object_general_other_people_centered_001.webp,missing,
IMG_OBJECT_OUTSIDE,img__object_outside__v1.webp,object_general_outside_centered_001.webp,missing,
IMG_OBJECT_OVER_THERE,img__object_over_there__v1.webp,object_general_over_there_centered_001.webp,missing,
IMG_OBJECT_PAGE,img__object_page__v1.webp,object_general_page_centered_001.webp,missing,
IMG_OBJECT_PATERNAL_GRANDMOTHER,img__object_paternal_grandmother__v1.webp,object_general_paternal_grandmother_centered_001.webp,missing,
IMG_OBJECT_PATIENT,img__object_patient__v1.webp,object_general_patient_centered_001.webp,missing,
IMG_OBJECT_PEOPLE,img__object_people__v1.webp,object_person_people_centered_001.webp,missing,
IMG_OBJECT_PERSON,img__object_person__v1.webp,object_person_person_centered_001.webp,missing,
IMG_OBJECT_PIECE,img__object_piece__v1.webp,object_general_piece_centered_001.webp,missing,
IMG_OBJECT_PLACE,img__object_place__v1.webp,object_general_place_centered_001.webp,missing,
IMG_OBJECT_PLANE_TICKET,img__object_plane_ticket__v1.webp,object_vehicle_plane_ticket_centered_001.webp,missing,
IMG_OBJECT_PLAYING_BALL,img__object_playing_ball__v1.webp,object_general_playing_ball_centered_001.webp,missing,
IMG_OBJECT_PLEASANT_TO_HEAR,img__object_pleasant_to_hear__v1.webp,object_general_pleasant_to_hear_centered_001.webp,missing,
IMG_OBJECT_PLEASE,img__object_please__v1.webp,object_general_please_centered_001.webp,missing,
IMG_OBJECT_PLEASE_COME_IN,img__object_please_come_in__v1.webp,object_general_please_come_in_centered_001.webp,missing,
IMG_OBJECT_PLEASE_SIT,img__object_please_sit__v1.webp,object_general_please_sit_centered_001.webp,missing,
IMG_OBJECT_POSITIVE,img__object_positive__v1.webp,object_general_positive_centered_001.webp,missing,
IMG_OBJECT_PREPARE,img__object_prepare__v1.webp,object_general_prepare_centered_001.webp,missing,
IMG_OBJECT_RAIN,img__object_rain__v1.webp,object_general_rain_centered_001.webp,missing,
IMG_OBJECT_READING_BOOKS,img__object_reading_books__v1.webp,object_general_reading_books_centered_001.webp,missing,
IMG_OBJECT_REALLY,img__object_really__v1.webp,object_general_really_centered_001.webp,missing,
IMG_OBJECT_REQUEST_FOR_LEAVE,img__object_request_for_leave__v1.webp,object_general_request_for_leave_centered_001.webp,missing,
IMG_OBJECT_REST,img__object_rest__v1.webp,object_general_rest_centered_001.webp,missing,
IMG_OBJECT_RETURN_TO,img__object_return_to__v1.webp,object_general_return_to_centered_001.webp,missing,
IMG_OBJECT_RIGHT,img__object_right__v1.webp,object_general_right_centered_001.webp,missing,
IMG_OBJECT_RIGHT_SIDE,img__object_right_side__v1.webp,object_general_right_side_centered_001.webp,missing,
IMG_OBJECT_SEE_A_DOCTOR,img__object_see_a_doctor__v1.webp,object_general_see_a_doctor_centered_001.webp,missing,
IMG_OBJECT_SERIOUS,img__object_serious__v1.webp,object_general_serious_centered_001.webp,missing,
IMG_OBJECT_SHE,img__object_she__v1.webp,object_general_she_centered_001.webp,missing,
IMG_OBJECT_SIMULTANEOUSLY,img__object_simultaneously__v1.webp,object_general_simultaneously_centered_001.webp,missing,
IMG_OBJECT_SINGING,img__object_singing__v1.webp,object_general_singing_centered_001.webp,missing,
IMG_OBJECT_SIT_DOWN,img__object_sit_down__v1.webp,object_general_sit_down_centered_001.webp,missing,
IMG_OBJECT_SKY,img__object_sky__v1.webp,object_general_sky_centered_001.webp,missing,
IMG_OBJECT_SLOW,img__object_slow__v1.webp,object_general_slow_centered_001.webp,missing,
IMG_OBJECT_SMALL,img__object_small__v1.webp,object_general_small_centered_001.webp,missing,
IMG_OBJECT_SOME,img__object_some__v1.webp,object_general_some_centered_001.webp,missing,
IMG_OBJECT_SOMETIMES,img__object_sometimes__v1.webp,object_general_sometimes_centered_001.webp,missing,
IMG_OBJECT_SON,img__object_son__v1.webp,object_general_son_centered_001.webp,missing,
IMG_OBJECT_SONG,img__object_song__v1.webp,object_general_song_centered_001.webp,missing,
IMG_OBJECT_SOUTH,img__object_south__v1.webp,object_general_south_centered_001.webp,missing,
IMG_OBJECT_SOUTH_SIDE,img__object_south_side__v1.webp,object_general_south_side_centered_001.webp,missing,
IMG_OBJECT_SPEECH,img__object_speech__v1.webp,object_general_speech_centered_001.webp,missing,
IMG_OBJECT_STEAMED_BUN,img__object_steamed_bun__v1.webp,object_general_steamed_bun_centered_001.webp,missing,
IMG_OBJECT_STILL,img__object_still__v1.webp,object_general_still_centered_001.webp,missing,
IMG_OBJECT_STRAIGHT,img__object_straight__v1.webp,object_general_straight_centered_001.webp,missing,
IMG_OBJECT_STUDENT,img__object_student__v1.webp,object_person_student_centered_001.webp,missing,
IMG_OBJECT_STUDY,img__object_study__v1.webp,object_general_study_centered_001.webp,missing,
IMG_OBJECT_STUFF,img__object_stuff__v1.webp,object_general_stuff_centered_001.webp,missing,
IMG_OBJECT_SUNDAY,img__object_sunday__v1.webp,object_general_sunday_centered_001.webp,missing,
IMG_OBJECT_TABLE,img__object_table__v1.webp,object_general_table_centered_001.webp,missing,
IMG_OBJECT_TAKE_A_HOLIDAY,img__object_take_a_holiday__v1.webp,object_general_take_a_holiday_centered_001.webp,missing,
IMG_OBJECT_TAKE_A_TAXI,img__object_take_a_taxi__v1.webp,object_general_take_a_taxi_centered_001.webp,missing,
IMG_OBJECT_TALL_HIGH,img__object_tall_high__v1.webp,object_general_tall_high_centered_001.webp,missing,
IMG_OBJECT_TEA,img__object_tea__v1.webp,object_food_tea_centered_001.webp,missing,
IMG_OBJECT_TEACHER,img__object_teacher__v1.webp,object_person_teacher_centered_001.webp,missing,
IMG_OBJECT_TEACHING_BUILDING,img__object_teaching_building__v1.webp,object_general_teaching_building_centered_001.webp,missing,
IMG_OBJECT_TELEPHONE,img__object_telephone__v1.webp,object_electronics_telephone_centered_001.webp,missing,
IMG_OBJECT_TELEVISION,img__object_television__v1.webp,object_general_television_centered_001.webp,missing,
IMG_OBJECT_TEXT_OF_A_LESSON,img__object_text_of_a_lesson__v1.webp,object_general_text_of_a_lesson_centered_001.webp,missing,
IMG_OBJECT_TEXTBOOK,img__object_textbook__v1.webp,object_general_textbook_centered_001.webp,missing,
IMG_OBJECT_THE_DAY_AFTER_TOMORROW,img__object_the_day_after_tomorrow__v1.webp,object_general_the_day_after_tomorrow_centered_001.webp,missing,
IMG_OBJECT_THE_DAY_BEFORE_YESTERDAY,img__object_the_day_before_yesterday__v1.webp,object_general_the_day_before_yesterday_centered_001.webp,missing,
IMG_OBJECT_THE_SAME,img__object_the_same__v1.webp,object_general_the_same_centered_001.webp,missing,
IMG_OBJECT_THERE,img__object_there__v1.webp,object_general_there_centered_001.webp,missing,
IMG_OBJECT_THERE_IS,img__object_there_is__v1.webp,object_general_there_is_centered_001.webp,missing,
IMG_OBJECT_THERE_IS_ALSO,img__object_there_is_also__v1.webp,object_general_there_is_also_centered_001.webp,missing,
IMG_OBJECT_THERE_IS_NOT,img__object_there_is_not__v1.webp,object_general_there_is_not_centered_001.webp,missing,
IMG_OBJECT_THEY,img__object_they__v1.webp,object_general_they_centered_001.webp,missing,
IMG_OBJECT_THEY_FEMALE,img__object_they_female__v1.webp,object_general_they_female_centered_001.webp,missing,
IMG_OBJECT_THING,img__object_thing__v1.webp,object_general_thing_centered_001.webp,missing,
IMG_OBJECT_THIRSTY,img__object_thirsty__v1.webp,object_general_thirsty_centered_001.webp,missing,
IMG_OBJECT_THIS_SIDE,img__object_this_side__v1.webp,object_general_this_side_centered_001.webp,missing,
IMG_OBJECT_THIS_YEAR,img__object_this_year__v1.webp,object_general_this_year_centered_001.webp,missing,
IMG_OBJECT_TICKET,img__object_ticket__v1.webp,object_general_ticket_centered_001.webp,missing,
IMG_OBJECT_TIME,img__object_time__v1.webp,object_time_time_centered_001.webp,missing,
IMG_OBJECT_TIME_OCCURRENCE,img__object_time_occurrence__v1.webp,object_general_time_occurrence_centered_001.webp,missing,
IMG_OBJECT_TIRED,img__object_tired__v1.webp,object_general_tired_centered_001.webp,missing,
IMG_OBJECT_TODAY,img__object_today__v1.webp,object_time_today_centered_001.webp,missing,
IMG_OBJECT_TOGETHER,img__object_together__v1.webp,object_general_together_centered_001.webp,missing,
IMG_OBJECT_TOILET,img__object_toilet__v1.webp,object_general_toilet_centered_001.webp,missing,
IMG_OBJECT_TOMORROW,img__object_tomorrow__v1.webp,object_time_tomorrow_centered_001.webp,missing,
IMG_OBJECT_TOO,img__object_too__v1.webp,object_general_too_centered_001.webp,missing,
IMG_OBJECT_TRAIN,img__object_train__v1.webp,object_vehicle_train_centered_001.webp,missing,
IMG_OBJECT_TRAIN_TICKET,img__object_train_ticket__v1.webp,object_vehicle_train_ticket_centered_001.webp,missing,
IMG_OBJECT_TREE,img__object_tree__v1.webp,object_general_tree_centered_001.webp,missing,
IMG_OBJECT_TRUE,img__object_true__v1.webp,object_general_true_centered_001.webp,missing,
IMG_OBJECT_UNDER,img__object_under__v1.webp,object_general_under_centered_001.webp,missing,
IMG_OBJECT_UNIVERSITY,img__object_university__v1.webp,object_general_university_centered_001.webp,missing,
IMG_OBJECT_UNIVERSITY_STUDENT,img__object_university_student__v1.webp,object_general_university_student_centered_001.webp,missing,
IMG_OBJECT_UP,img__object_up__v1.webp,object_general_up_centered_001.webp,missing,
IMG_OBJECT_UPRIGHT,img__object_upright__v1.webp,object_general_upright_centered_001.webp,missing,
IMG_OBJECT_UPSTAIRS,img__object_upstairs__v1.webp,object_general_upstairs_centered_001.webp,missing,
IMG_OBJECT_US,img__object_us__v1.webp,object_general_us_centered_001.webp,missing,
IMG_OBJECT_USEFUL,img__object_useful__v1.webp,object_general_useful_centered_001.webp,missing,
IMG_OBJECT_VEGETABLE,img__object_vegetable__v1.webp,object_food_vegetable_centered_001.webp,missing,
IMG_OBJECT_VERY,img__object_very__v1.webp,object_general_very_centered_001.webp,missing,
IMG_OBJECT_WALKING,img__object_walking__v1.webp,object_general_walking_centered_001.webp,missing,
IMG_OBJECT_WALLET,img__object_wallet__v1.webp,object_general_wallet_centered_001.webp,missing,
IMG_OBJECT_WATER,img__object_water__v1.webp,object_food_water_centered_001.webp,missing,
IMG_OBJECT_WE,img__object_we__v1.webp,object_general_we_centered_001.webp,missing,
IMG_OBJECT_WEATHER,img__object_weather__v1.webp,object_general_weather_centered_001.webp,missing,
IMG_OBJECT_WEEK,img__object_week__v1.webp,object_general_week_centered_001.webp,missing,
IMG_OBJECT_WELL,img__object_well__v1.webp,object_general_well_centered_001.webp,missing,
IMG_OBJECT_WEST,img__object_west__v1.webp,object_general_west_centered_001.webp,missing,
IMG_OBJECT_WEST_SIDE,img__object_west_side__v1.webp,object_general_west_side_centered_001.webp,missing,
IMG_OBJECT_WHAT,img__object_what__v1.webp,object_general_what_centered_001.webp,missing,
IMG_OBJECT_WHAT_TO_DO,img__object_what_to_do__v1.webp,object_general_what_to_do_centered_001.webp,missing,
IMG_OBJECT_WHERE,img__object_where__v1.webp,object_general_where_centered_001.webp,missing,
IMG_OBJECT_WHICH,img__object_which__v1.webp,object_general_which_centered_001.webp,missing,
IMG_OBJECT_WHICH_ONES,img__object_which_ones__v1.webp,object_general_which_ones_centered_001.webp,missing,
IMG_OBJECT_WHITE,img__object_white__v1.webp,object_general_white_centered_001.webp,missing,
IMG_OBJECT_WHO,img__object_who__v1.webp,object_general_who_centered_001.webp,missing,
IMG_OBJECT_WILL,img__object_will__v1.webp,object_general_will_centered_001.webp,missing,
IMG_OBJECT_WIND,img__object_wind__v1.webp,object_general_wind_centered_001.webp,missing,
IMG_OBJECT_WOMAN,img__object_woman__v1.webp,object_general_woman_centered_001.webp,missing,
IMG_OBJECT_WORD,img__object_word__v1.webp,object_general_word_centered_001.webp,missing,
IMG_OBJECT_WORK,img__object_work__v1.webp,object_general_work_centered_001.webp,missing,
IMG_OBJECT_WORKER,img__object_worker__v1.webp,object_general_worker_centered_001.webp,missing,
IMG_OBJECT_WRONG,img__object_wrong__v1.webp,object_general_wrong_centered_001.webp,missing,
IMG_OBJECT_YEAR,img__object_year__v1.webp,object_time_year_centered_001.webp,missing,
IMG_OBJECT_YEARS_OLD,img__object_years_old__v1.webp,object_general_years_old_centered_001.webp,missing,
IMG_OBJECT_YES,img__object_yes__v1.webp,object_general_yes_centered_001.webp,missing,
IMG_OBJECT_YESTERDAY,img__object_yesterday__v1.webp,object_time_yesterday_centered_001.webp,missing,
IMG_OBJECT_YOU,img__object_you__v1.webp,object_general_you_centered_001.webp,missing,
IMG_OBJECT_YOU_PLURAL,img__object_you_plural__v1.webp,object_general_you_plural_centered_001.webp,missing,
IMG_OBJECT_YOU_POLITE_FORM,img__object_you_polite_form__v1.webp,object_general_you_polite_form_centered_001.webp,missing,
IMG_OBJECT_YOU_RE_WELCOME,img__object_you_re_welcome__v1.webp,object_general_you_re_welcome_centered_001.webp,missing,
IMG_OBJECT_YOUNG_LADY,img__object_young_lady__v1.webp,object_general_young_lady_centered_001.webp,missing,
IMG_OBJECT_YOUNGER_BROTHER,img__object_younger_brother__v1.webp,object_general_younger_brother_centered_001.webp,missing,
IMG_OBJECT_YOUNGER_SISTER,img__object_younger_sister__v1.webp,object_general_younger_sister_centered_001.webp,missing,
